{ 
    "_id" : ObjectId("56f431941c17970e0046a741"), 
    "user" : ObjectId("56aa66be44aeb7c61ba42f48"), 
    "date" : ISODate("2016-03-24T18:27:32.453+0000"), 
    "content" : "Per Brenda Harrelson at Golden State Fire Protection, Inc. there is no perm. mod/alt available", 
    "subject" : "test", 
    "cc" : "maria@foccusonintervention.com, janet@focusonintervention.com", 
    "to" : "michelle@focusonintervention.com", 
    "__v" : NumberInt(0)
}
{ 
    "_id" : ObjectId("56fab71b81d26c0e003a3de8"), 
    "user" : ObjectId("56aa66be44aeb7c61ba42f48"), 
    "date" : ISODate("2016-03-29T17:10:51.077+0000"), 
    "content" : "Hi Shelby,\n\nPTP & Phone #: Garfield Health Center 626-570-9892\n\nSpoke with: Maria\n\nLast Office Visit: 2/26\n\nNext Office Visit: 3/31\n\nStatus: TTD\n\nNext Diary: 4/1\n\nThank You\nMaria Aragon\nFocus On Intervention\n760-632-0237", 
    "subject" : "Caamal,Ruby/30153456425-MD Response (3/29/16)", 
    "bcc" : "phowland@focusonintervention.com", 
    "cc" : "maria@focusonintervention.com", 
    "to" : "shelby.russo@sedgwickcms.com", 
    "__v" : NumberInt(0)
}
{ 
    "_id" : ObjectId("56fab8ad81d26c0e003a3deb"), 
    "user" : ObjectId("56aa66be44aeb7c61ba42f48"), 
    "date" : ISODate("2016-03-29T17:17:33.647+0000"), 
    "content" : "Per Sedgwick notes:\n\nLOV: 3/2\nTTD", 
    "subject" : "Liverett,Leslie/30142933087-Please Follow Up with MD", 
    "to" : "phowland@focusonintervention.com", 
    "__v" : NumberInt(0)
}
{ 
    "_id" : ObjectId("56fab8ae81d26c0e003a3dec"), 
    "user" : ObjectId("56aa66be44aeb7c61ba42f48"), 
    "date" : ISODate("2016-03-29T17:17:34.296+0000"), 
    "content" : "Per Sedgwick notes:\n\nLOV: 3/2\nTTD", 
    "subject" : "Liverett,Leslie/30142933087-Please Follow Up with MD", 
    "to" : "phowland@focusonintervention.com", 
    "__v" : NumberInt(0)
}
{ 
    "_id" : ObjectId("56fab92881d26c0e003a3ded"), 
    "user" : ObjectId("56aa66be44aeb7c61ba42f48"), 
    "date" : ISODate("2016-03-29T17:19:36.317+0000"), 
    "content" : "Hi Paul,\nSorry I think I accidently sent this email a couple times.\n\nCan you please follow up with the MD regarding updated status or follow up appointment.  Information was entered in the new system.\n\nFor now here is the MD info:\n\nUSHW 877-678-4610\nMR# 169000020\n\nPer Sedgwick notes:\n\nLOV: 3/2\nTTD\n\nThank You\nMaria Aragon", 
    "subject" : "Liverett,Leslie/30142933087-Please Follow Up with MD", 
    "to" : "phowland@focusonintervention.com", 
    "__v" : NumberInt(0)
}
{ 
    "_id" : ObjectId("56fab9f281d26c0e003a3df0"), 
    "user" : ObjectId("56aa66be44aeb7c61ba42f48"), 
    "date" : ISODate("2016-03-29T17:22:58.287+0000"), 
    "content" : "Hi Paul,\nPlease add to your diary.  New file\n\nMD: Inland Urgent Care 951-246-3033\n\nPer Sedgwick notes:\n\nLOV: 3/15\nNOV: 4/8\nTTD\n\nThank You", 
    "subject" : "Kassa,Nevada/30165283392-Please Add to Your Diary", 
    "to" : "phowland@focusonintervention.com", 
    "__v" : NumberInt(0)
}
{ 
    "_id" : ObjectId("56fabac181d26c0e003a3df3"), 
    "user" : ObjectId("56aa66be44aeb7c61ba42f48"), 
    "date" : ISODate("2016-03-29T17:26:25.787+0000"), 
    "content" : "Hi Pat/Paul,\nPlease add to your diary.  New file.\n\nMD info: Concentra-Dr. Robert Mochizuki 559-431-8181\n\nPer Sedgwick notes:\n\nLOV: 3/9\nNOV: 4/13\nOnly use left hand for work\n\nThank You", 
    "subject" : "Rought,Celina/30153338555-Please Add to your diary", 
    "to" : "phowland@focusoninervention.com", 
    "__v" : NumberInt(0)
}
{ 
    "_id" : ObjectId("56fabb7881d26c0e003a3df6"), 
    "user" : ObjectId("56aa66be44aeb7c61ba42f48"), 
    "date" : ISODate("2016-03-29T17:29:28.457+0000"), 
    "content" : "Hi Pat/Paul,\n\nPlease add to your diary.  New file.\n\nMD info: Concentra 510-222-8000\n\nPer Sedgwick notes:\n\nLOV: 3/22\nNOV: 4/1\n\nNo lift/push/pull over 40 lbs.\n\nThank You", 
    "subject" : "Gonzalez,Eloy/30153442043-Please add to your diary", 
    "to" : "phowland@focusonintervention.com", 
    "__v" : NumberInt(0)
}
{ 
    "_id" : ObjectId("56fc1a52969d330e0020b352"), 
    "user" : ObjectId("56aa66be44aeb7c61ba42f48"), 
    "date" : ISODate("2016-03-30T18:26:26.086+0000"), 
    "content" : "Hi Vanessa,\n\nA meeting has been scheduled with Eileen Vasko at Iron Horse Vineyards (707-887-1507) to develop a permanent JD based on the duties EE, Tyson Escoto will be performing within his permanent work restrictions on 4/1 @10:00 a.m.  Per Eileen (ER) employee is working.\n\nWe will keep you updated.", 
    "subject" : "Escoto,Tyson/30153414192-Update (3/30/16)", 
    "to" : "vanessa.raygoza@sedgwickcms.com", 
    "__v" : NumberInt(0)
}
{ 
    "_id" : ObjectId("56fd7016fba7940e00ae04a9"), 
    "user" : ObjectId("56aa66be44aeb7c61ba42f47"), 
    "date" : ISODate("2016-03-31T18:44:38.951+0000"), 
    "content" : "MD response form\n Attachment : https://focusdev.s3.amazonaws.com/56aa66be44aeb7c61ba42f47/145944975058478fd308428ef2b19edf6Phixitxonh%2C%20Ourasith.pdf", 
    "subject" : "test", 
    "to" : "maria@focusonintervention.com", 
    "__v" : NumberInt(0)
}
{ 
    "_id" : ObjectId("56fd717dfba7940e00ae04aa"), 
    "user" : ObjectId("56aa66be44aeb7c61ba42f48"), 
    "date" : ISODate("2016-03-31T18:50:37.375+0000"), 
    "content" : "Phd. ER 714-961-0898 spoke to Amy re: perm. mod/alt being available stated she did not receive EE's perm. restrictions and requested I re send them to her.  Confirmed email address.  Amy will get back to us\n\nEmailed ER<br>---<br>Attached files<br><a href='https://focusdev.s3.amazonaws.com/56aa66be44aeb7c61ba42f48/1459450206314ed81d8de9a4e774d7a64Sloan%2CJeffrey-Letter%20to%20ER%20%28perm%29.pdf'>Sloan,Jeffrey-Letter to ER (perm).pdf</a><br><a href='https://focusdev.s3.amazonaws.com/56aa66be44aeb7c61ba42f48/14594502316603f6735f8b68924f17a7fSloan%2CJeffrey-Letter%20to%20ER%20%28perm%29.docx'>Sloan,Jeffrey-Letter to ER (perm).docx</a><br>", 
    "subject" : "test", 
    "to" : "maria@focusonintervention.com", 
    "__v" : NumberInt(0)
}
{ 
    "_id" : ObjectId("56fd742429f2901700a682e2"), 
    "user" : ObjectId("56aa66be44aeb7c61ba42f47"), 
    "date" : ISODate("2016-03-31T19:01:56.719+0000"), 
    "content" : "Hi Carlye, \n\n\nSee attached MD response\n\n\nWe will continue to follow up and advise\n\n\nThank you\nJanet Collins\nFocus On Intervention \n760-632-0237\nFax 800-503-3910<br>---<br>Attached files<br><a href='https://focusdev.s3.amazonaws.com/56aa66be44aeb7c61ba42f47/1459450777975612e0399ec921823aa25Phixitxonh%2C%20Ourasith.pdf'>Phixitxonh, Ourasith.pdf</a><br>", 
    "subject" : "Claimant:  PHIXITXONH OURASITH :  30165179495-0001         Loss Date:  1/12/2016 MD update w/ documenttion", 
    "to" : "Carlye.Russo@sedgwickcms.com", 
    "__v" : NumberInt(0)
}
{ 
    "_id" : ObjectId("56fecf16c559912000d74594"), 
    "user" : ObjectId("56aa66be44aeb7c61ba42f47"), 
    "date" : ISODate("2016-04-01T19:42:14.585+0000"), 
    "content" : "MD response form\n Attachment : https://focusdev.s3.amazonaws.com/56aa66be44aeb7c61ba42f47/145944975058478fd308428ef2b19edf6Phixitxonh%2C%20Ourasith.pdf", 
    "title" : "test", 
    "bcc" : "", 
    "cc" : "", 
    "to" : "maria@focusonintervention.com", 
    "__v" : NumberInt(0)
}
{ 
    "_id" : ObjectId("56fed3efc559912000d74598"), 
    "user" : ObjectId("56aa66be44aeb7c61ba42f48"), 
    "date" : ISODate("2016-04-01T20:02:55.371+0000"), 
    "content" : "Hi Frank,\n\nThese are the current work restrictions from Woodland Healthcare for your injured employee, Eva Ruiz.\n\nPlease respond as to whether or not there is temporary modified work available at your company that can accommodate these restrictions. \n\n\t\tNo lifting over 10 pounds with either hand. \n                Limit repetitive wrist motion.", 
    "title" : "Emailed ER", 
    "to" : "fcarney@putahcreekcafe.com", 
    "__v" : NumberInt(0)
}
{ 
    "_id" : ObjectId("56fed9bbc559912000d7459c"), 
    "user" : ObjectId("56aa66be44aeb7c61ba42f47"), 
    "date" : ISODate("2016-04-01T20:27:39.818+0000"), 
    "content" : "A JD/ERTW meeting has been scheduled with Kimberly Fallon at Western Industrial Technology, Inc. (714-688-1250) for EE Jeremy Riedell on 04/05/16.\n\nWe will keep you updated.\n\nJanet Collins\nReturn to work Coordinator\n(760)-632-0237\nFocus on Intervention\nJanet@focusonintervention.com", 
    "title" : "ERTW appointment scheduled", 
    "to" : "Courtney.Sullivan@sedgwickcms.com", 
    "__v" : NumberInt(0)
}
{ 
    "_id" : ObjectId("56fedefdc559912000d745a1"), 
    "user" : ObjectId("56aa66be44aeb7c61ba42f48"), 
    "date" : ISODate("2016-04-01T20:50:05.689+0000"), 
    "content" : "Hi Cheryl,\n\nPlease advise how you want us to proceed.  Do you need any further assistance regarding this file.\n\nPer our notes EE was last seen by Dr. Giacobetti 8/13/15.\n\nThank You\nMaria Aragon\nFocus On Intervention", 
    "title" : "Emailed Carrier: Please Help", 
    "to" : "cheryl.ferrer@sedgwickcms.com", 
    "__v" : NumberInt(0)
}
{ 
    "_id" : ObjectId("56fee0c973b356290072213d"), 
    "user" : ObjectId("56aa66be44aeb7c61ba42f48"), 
    "date" : ISODate("2016-04-01T20:57:45.608+0000"), 
    "content" : "Hi Francisco,\n\nThese are the current work restrictions from Burbank Podiatry for your injured employee, Mark Alexander. \n\nPlease respond as to whether or not there is temporary modified work available at your company that can accommodate these restrictions. \n\n\t\tSedentary work only", 
    "title" : "Emailed ER", 
    "to" : "francisco@celestinodrago.com", 
    "__v" : NumberInt(0)
}
{ 
    "_id" : ObjectId("56fee56f1984153200749ea9"), 
    "user" : ObjectId("56aa66be44aeb7c61ba42f48"), 
    "date" : ISODate("2016-04-01T21:17:35.322+0000"), 
    "content" : "Hi Chad,\n\nWe will now proceed to close our file.\n\nEE has been discharged from care to full duty no restrictions, no PD.\n\nThank You\nMaria Aragon\nFocus On Intervention", 
    "title" : "Emailed Carrier: Closing File", 
    "to" : "chad.rea@sedgwickcms.com", 
    "__v" : NumberInt(0)
}
{ 
    "_id" : ObjectId("56fee5d91984153200749eaa"), 
    "user" : ObjectId("56aa66be44aeb7c61ba42f48"), 
    "date" : ISODate("2016-04-01T21:19:21.992+0000"), 
    "content" : "Hi Chad,\n\nWe will now proceed to close our file.\n\nEE has been discharged from care to full duty no restrictions, no PD.\n\nThank You\nMaria Aragon\nFocus On Intervention", 
    "title" : "Emailed Carrier: Closing File", 
    "bcc" : "", 
    "cc" : "", 
    "to" : "maria@focusonintervention.com", 
    "__v" : NumberInt(0)
}
{ 
    "_id" : ObjectId("5701c0be2414620e00da4ffe"), 
    "user" : ObjectId("56aa66be44aeb7c61ba42f4d"), 
    "date" : ISODate("2016-04-04T01:17:50.590+0000"), 
    "content" : "Sent e-mail to Tommy in regards to status of sit to stand unit", 
    "title" : "Follow up in regards to sit to stand", 
    "to" : "foinorth@mac.com", 
    "__v" : NumberInt(0)
}
{ 
    "_id" : ObjectId("5702bd2cf544eb2000c43301"), 
    "user" : ObjectId("56aa66be44aeb7c61ba42f48"), 
    "date" : ISODate("2016-04-04T19:14:52.062+0000"), 
    "content" : "Hi Rebecca,\n\nA JD/ERTW meeting has been scheduled with Judy Gomes at Iron Mechanical, Inc. (916-341-3531) for EE Jose Hernandez on 4/5 @1:00 p.m.  Per Judy (ER) modified work is available however did not provide me with the start date, hours and wages.  We will follow up with the ER\n\nPer Judy (ER) they have tried to reach EE via phone however have had no luck.  Advised Judy (ER) to send EE a letter inviting him back to work.\n\nWe will keep you updated.\n\nThank You\nMaria Aragon\nFocus On Intervention\n760-632-0237<br>---<br>Attached files<br>", 
    "title" : "Hernandez,Jose/30165592129-Update (4/4/16)", 
    "bcc" : "maria@focusonintervention.com", 
    "to" : "rebecca.feldman@sedgwickcms.com", 
    "__v" : NumberInt(0)
}
{ 
    "_id" : ObjectId("5702c38cf544eb2000c43306"), 
    "user" : ObjectId("56aa66be44aeb7c61ba42f48"), 
    "date" : ISODate("2016-04-04T19:42:04.162+0000"), 
    "content" : "Hi Bonnie,\n\nA JD/ERTW meeting has been scheduled with Diane Popoff at Electrical Systems, Inc. (760-745-3604) for EE Gabriel Ramirez on 4/5 @2:00 p.m.\n\nCan you please provide us with the PTP information (none noted on referral)?  Do you have updated MD status?\n\nWe will keep you updated.\n\nThank You\nMaria Aragon\nFocus On Intervention\n760-632-02-37<br>---<br>Attached files<br>", 
    "title" : "Ramirez,Gabriel/33070860-Update/Please Help (4/4/16)", 
    "bcc" : "maria@focusonintervention.com", 
    "cc" : "rmohn@bhhc.com", 
    "to" : "bhass@bhhc.com", 
    "__v" : NumberInt(0)
}
{ 
    "_id" : ObjectId("5702d4c0863b181700a1429a"), 
    "user" : ObjectId("56aa66be44aeb7c61ba42f48"), 
    "date" : ISODate("2016-04-04T20:55:28.437+0000"), 
    "content" : "Hi Bryan,\n\nPTP & Phone #: Dr. Montgomery 805-682-2267\n\nSpoke with: Alicia\n\nLast Office Visit: 3/30\n\nNext Office Visit: 5/11\n\nStatus: Full Duty No Restrictions.  MD report not ready yet.\n\nNext Diary: 5/12<br>---<br>Attached files<br>", 
    "title" : "Millhollin,Shayne/30165358337-Update/MD Response/Please Advise (4/4/16)", 
    "bcc" : "", 
    "to" : "bryan.horton@sedgwickcms.com", 
    "__v" : NumberInt(0)
}
{ 
    "_id" : ObjectId("5702d588863b181700a1429b"), 
    "user" : ObjectId("56aa66be44aeb7c61ba42f48"), 
    "date" : ISODate("2016-04-04T20:58:48.018+0000"), 
    "content" : "Hi Bryan,\n\nWe received this referral for an Interactive Process.\n\nPer Ronelle Wilson at Douglas E. Wilson Plumbing, Inc. employee is back to his regular duties as of 3/30/16 works 40 hours per week @$26.00 per hour.\n\nDo you want us to continue following up with the MD regarding P&S status?  Do you need the JD completed?  Please Advise\n\nPTP & Phone #: Dr. Montgomery 805-682-2267\n\nSpoke with: Alicia\n\nLast Office Visit: 3/30\n\nNext Office Visit: 5/11\n\nStatus: Full Duty No Restrictions.  MD report not ready yet.\n\nNext Diary: 5/12/16 (MD)\n\nThank You\nMaria Aragon\nFocus On Intervention\n760-632-0237<br>---<br>Attached files<br>", 
    "title" : "Millhollin,Shayne/30165358337-Update/MD Response/Please Advise (4/4/16)", 
    "bcc" : "", 
    "to" : "bryan.horton@sedgwickcms.com", 
    "__v" : NumberInt(0)
}
{ 
    "_id" : ObjectId("5702e580cacc460e005a5cb2"), 
    "user" : ObjectId("56aa66be44aeb7c61ba42f48"), 
    "date" : ISODate("2016-04-04T22:06:56.528+0000"), 
    "content" : "Hi Christopher,\n\nA JD/ERTW meeting has been scheduled with Nasir Chaubhry at ANM Construction, Inc. (310-301-8030) for EE Alma Cardenas on 4/11 @10:00 a.m. due to ER, Nasir not available this week.  Per Nasir (ER) employee is working modified duties as of 3/31/16 will be working 40 hours per week.\n\nWe will keep you updated.\n\nThank You\nMaria Aragon\nFocus On Intervention\n760-632-0237<br>---<br>Attached files<br>", 
    "title" : "Cardenas,Alma/33071857-Update/EE Working Modified Duties", 
    "cc" : "nmarrero@bhhc.com", 
    "to" : "cmarquardt@bhhc.com", 
    "__v" : NumberInt(0)
}
{ 
    "_id" : ObjectId("5702e7aa903ee31700db60f1"), 
    "user" : ObjectId("56aa66be44aeb7c61ba42f48"), 
    "date" : ISODate("2016-04-04T22:16:10.210+0000"), 
    "content" : "Hi Christopher,\n\nPTP & Phone #: Kaiser 310-527-5600\n\nSpoke with: Jean\n\nLast Office Visit: 3/30\n\nNext Office Visit: 4/20 @2:50 p.m.\n\nRestrictions: Stand/walk occasionally (up to 25% of shift).  Sit frequently (up to 75% of shift).\n\nNext Diary: 4/21\n\nThank You\nMaria Aragon\nFocus On Intervention\n760-632-0237<br>---<br>Attached files<br><a href='https://focusdev.s3.amazonaws.com/56aa66be44aeb7c61ba42f48/145980815857270e1ba972323106bce05Cardenas%2CAlma-MD%20Report.pdf'>Cardenas,Alma-MD Report.pdf</a><br>", 
    "title" : "Cardenas,Alma/33071857-MD Response (4/4/16)", 
    "bcc" : "phowland@focusonintervention.com", 
    "cc" : "nmarrero@bhhc.com", 
    "to" : "cmarquardt@bhhc.com", 
    "__v" : NumberInt(0)
}
{ 
    "_id" : ObjectId("5702ebf2fa8f4a20004e664d"), 
    "user" : ObjectId("56aa66be44aeb7c61ba42f48"), 
    "date" : ISODate("2016-04-04T22:34:26.786+0000"), 
    "content" : "Hi Pauline,\n\nA JD/ERTW meeting has been scheduled with Steve Tennant at Riverside Auto Holdings (951-785-6040) for EE Frederick So on 4/6 @10:00 a.m.\n\nWe will keep you updated.\n\nThank You\nMaria Aragon\nFocus On Intervention\n760-632-0237<br>---<br>Attached files<br>", 
    "title" : "So,Frederick/30165171122-Update (4/4/16)", 
    "to" : "pauline.gonzalez@sedgwickcms.com", 
    "__v" : NumberInt(0)
}
{ 
    "_id" : ObjectId("5704035954e4c10e00d55ec3"), 
    "user" : ObjectId("56aa66be44aeb7c61ba42f48"), 
    "date" : ISODate("2016-04-05T18:26:33.730+0000"), 
    "content" : "Hi Roopa,\n\nThese are the current work restrictions from Dr. Einbund for your injured employee, William Shay. \n\nPlease respond as to whether or not there is temporary modified work available at your company that can accommodate these restrictions. \n\n\t\tWeight limitations 10 pounds.\n\nThank You\nMaria Aragon\nFocus On Intervention\n760-632-0237<br>---<br>Attached files<br>", 
    "title" : "William Shay-Important (4/5/6)", 
    "to" : "rbhoj@coastsouthwest.com", 
    "__v" : NumberInt(0)
}
{ 
    "_id" : ObjectId("5704168054e4c10e00d55ed1"), 
    "user" : ObjectId("56aa66be44aeb7c61ba42f48"), 
    "date" : ISODate("2016-04-05T19:48:16.962+0000"), 
    "content" : "Hi Alejandra,\n\nThese are the current work restrictions from Dr. Mirza for your injured employee, Yuliana Ramirez. \n\nPlease respond as to whether or not there is temporary modified work available at your company that can accommodate these restrictions. \n\n\t\tNo lifting greater than 5 pounds.\n                No repetitive gripping or grasping\n\nThank You\nMaria Aragon\nFocus On Intervention\n760-632-0237<br>---<br>Attached files<br>", 
    "title" : "Yuliana Ramirez-Important (4/5/16)", 
    "to" : "arandas_tortillas@att.net", 
    "__v" : NumberInt(0)
}
{ 
    "_id" : ObjectId("57041df454e4c10e00d55edb"), 
    "user" : ObjectId("56aa66be44aeb7c61ba42f48"), 
    "date" : ISODate("2016-04-05T20:20:04.701+0000"), 
    "content" : "Hi Bonnie,\n\nA meeting has been scheduled with Jimmy Chow at Golden Owls Enterprises (707-455-8518) to develop a permanent JD based on the duties EE, Theo Wooley will be performing within his permanent work restrictions on 4/6 @1:00 p.m.  Per Jimmy (ER) employee is working.\n\nWe will keep you updated.\n\nThank You\nMaria Aragon\nFocus On Intervention\n760-632-0237<br>---<br>Attached files<br>", 
    "title" : "Wooley,Theo/22027350-Updae (4/5/16)", 
    "cc" : "rmohn@bhhc.com", 
    "to" : "bhass@bhhc.com", 
    "__v" : NumberInt(0)
}
{ 
    "_id" : ObjectId("570435ab54e4c10e00d55eee"), 
    "user" : ObjectId("56aa66be44aeb7c61ba42f48"), 
    "date" : ISODate("2016-04-05T22:01:15.314+0000"), 
    "content" : "Hi Pauline,\n\nPTP & Phone #: Kaiser 707-393-4000\n\nSpoke with: See attached report\n\nLast Office Visit: 3/30\n\nNext Office Visit: Kaiser would not advise us if EE has a follow up schedule\n\nRestrictions: Able to lift/carry up to 10 lbs.  Needs to be able to change position, alternating sit/stand every 20 minutes.  No bending/twisting at the waist.  Cannot walk more than 10 minutes per hour. Needs to be able to lay down as needed to control his symptoms.\n\nNext Diary: 4/13\n\nThank You\nMaria Aragon\nFocus On Intervention\n760-632-0237<br>---<br>Attached files<br><a href='https://focusdev.s3.amazonaws.com/56aa66be44aeb7c61ba42f48/14598936669479f500b81f5a6cdd602b9Cervantes%2CRene-MD%20Report.pdf'>Cervantes,Rene-MD Report.pdf</a><br>", 
    "title" : "Cervantes,Rene/30155049398-MD Response (4/5/16)", 
    "bcc" : "phowland@focusonintervention.com", 
    "to" : "pauline.gonzalez@sedgwickcms.com", 
    "__v" : NumberInt(0)
}
{ 
    "_id" : ObjectId("57043c7454e4c10e00d55ef7"), 
    "user" : ObjectId("56aa66be44aeb7c61ba42f48"), 
    "date" : ISODate("2016-04-05T22:30:12.101+0000"), 
    "content" : "Hi Pauline,\n\nA JD/ERTW meeting has been scheduled with Rich Viatali at Coordinated Project Installations, Inc. (707-578-8255) for EE Rene Cervantes on 4/7 @10:00 a.m.\n\nWe will keep you updated.\n\nThank You\nMaria Aragon\nFocus On Intervention\n760-632-0237<br>---<br>Attached files<br>", 
    "title" : "Cervantes,Rene/30155049398-Update (4/5/16)", 
    "to" : "pauline.gonzalez@sedgwickcms.com", 
    "__v" : NumberInt(0)
}
{ 
    "_id" : ObjectId("570537dd5990b20e004e0fa1"), 
    "user" : ObjectId("56aa66be44aeb7c61ba42f48"), 
    "date" : ISODate("2016-04-06T16:22:53.673+0000"), 
    "content" : "Hi April,\n\nI have continued to follow up with the employer, Rogers, Larry (An Individual) regarding modified work availability.  Messages have been left for Larry Rogers, I am awaiting a response.\n\nI will continue to follow up with the ER and keep you updated.\n\nThank You\nMaria Aragon\nFocus On Intervention\n760-632-0237<br>---<br>Attached files<br>", 
    "title" : "Pereyra,Victor/30153543118-Update (4/6/16)", 
    "to" : "april.coniglio@sedgwickcms.com", 
    "__v" : NumberInt(0)
}
{ 
    "_id" : ObjectId("570538335990b20e004e0fa2"), 
    "user" : ObjectId("56aa66be44aeb7c61ba42f48"), 
    "date" : ISODate("2016-04-06T16:24:19.751+0000"), 
    "content" : "Hi Larry,\n\nThese are the current work restrictions from Dr. Phillips for your injured employee, Victor Pereyra. \n\nPlease respond as to whether or not there is temporary modified work available at your company that can accommodate these restrictions. \n\n\t\tNo lifting over 5 pounds with left arm. \n                No overhead work on left side.  \n                No repetitive arm movements with the left arm\n\nThank You\nMaria Aragon\nFocus On Intervention\n760-632-0237<br>---<br>Attached files<br>", 
    "title" : "Pereyra,Victor/30153543118-Important-Please Advise (4/6/16)", 
    "to" : "larry@servicemasterccm.com", 
    "__v" : NumberInt(0)
}
{ 
    "_id" : ObjectId("570538fd5990b20e004e0fa3"), 
    "user" : ObjectId("56aa66be44aeb7c61ba42f48"), 
    "date" : ISODate("2016-04-06T16:27:41.294+0000"), 
    "content" : "Hi April,\n\nI have continued to follow up with the employer, Rogers, Larry (An Individual) regarding modified work availability.  Messages have been left for Larry Rogers, I am awaiting a response.\n\nI will continue to follow up with the ER and keep you updated.\n\nThank You\nMaria Aragon\nFocus On Intervention\n760-632-0237<br>---<br>Attached files<br>", 
    "title" : "Test", 
    "to" : "janet@focusonintervention.com", 
    "__v" : NumberInt(0)
}
{ 
    "_id" : ObjectId("57053f655990b20e004e0fab"), 
    "user" : ObjectId("56aa66be44aeb7c61ba42f48"), 
    "date" : ISODate("2016-04-06T16:55:01.566+0000"), 
    "content" : "Hi Melissa,\n\nI have continued to follow up with the employer, Grace Design Associates, Inc. regarding modified work availability.  Left messages for Dawn Close, I am awaiting a response.\n\nI will continue to follow up with the ER and keep you updated.\n\nThank You\nMaria Aragon\nFocus On Intervention\n760-632-0237<br>---<br>Attached files<br>", 
    "title" : "Oberholtzer,John/30165114596-Update (4/6/16)", 
    "to" : "melissa.grayhoggard@sedgwickcms.com", 
    "__v" : NumberInt(0)
}
{ 
    "_id" : ObjectId("57053fa75990b20e004e0fac"), 
    "user" : ObjectId("56aa66be44aeb7c61ba42f48"), 
    "date" : ISODate("2016-04-06T16:56:07.368+0000"), 
    "content" : "Hi Dawn,\n\nThese are the current work restrictions from Dr. Proctor for your injured employee, John Oberholtzer. \nPlease respond as to whether or not there is temporary modified work available at your company that can accommodate these restrictions. \n\n\t\tNo use of left upper extremity\n\nThank You\nMaria Aragon\nFocus On Intervention\n760-632-0237<br>---<br>Attached files<br>", 
    "title" : "John Oberholtzer-Important-Please Advise (4/16/16)", 
    "to" : "dc@gracedesignassociates.com", 
    "__v" : NumberInt(0)
}
{ 
    "_id" : ObjectId("570540495990b20e004e0fad"), 
    "user" : ObjectId("56aa66be44aeb7c61ba42f48"), 
    "date" : ISODate("2016-04-06T16:58:49.777+0000"), 
    "content" : "Hi Melissa,\n\nI have continued to follow up with the employer, Grace Design Associates, Inc. regarding modified work availability.  Left messages for Dawn Close, I am awaiting a response.\n\nI will continue to follow up with the ER and keep you updated.\n\nThank You\nMaria Aragon\nFocus On Intervention\n760-632-0237<br>---<br>Attached files<br>", 
    "title" : "Test", 
    "to" : "janet@focusonintervention.com", 
    "__v" : NumberInt(0)
}
{ 
    "_id" : ObjectId("570544dc5990b20e004e0fb1"), 
    "user" : ObjectId("56aa66be44aeb7c61ba42f48"), 
    "date" : ISODate("2016-04-06T17:18:20.156+0000"), 
    "content" : "Hi Christian,\n\nThese are the current work restrictions from Kerlan Jobe for your injured employee, Nayla Hull. \nPlease respond as to whether or not there is temporary modified work available at your company that can accommodate these restrictions. \n\n\t\tNo overhead work with injured extremity. \n                Lifting limited to 10 lbs. \n                No forceful push/pull.\n\nThank You\nMaria Aragon\nFocus On Intervention\n760-632-0237<br>---<br>Attached files<br>", 
    "title" : "Nayla Hull-Important-Please Advise (4/6/16)", 
    "to" : "christian.remulla@diamondparking.com", 
    "__v" : NumberInt(0)
}
{ 
    "_id" : ObjectId("570555a75990b20e004e0fc1"), 
    "user" : ObjectId("56aa66be44aeb7c61ba42f48"), 
    "date" : ISODate("2016-04-06T18:29:59.201+0000"), 
    "content" : "Hi Melissa,\n\nI have continued to follow up with the employer, Grace Design Associates, Inc. regarding modified work availability within EE's temporary restrictions of: no use of left upper extremity.\n\nToday I spoke to Dawn Close (ER) stated modified work is available for EE as of tomorrow (4/7/16) 40 hours per week @$30.00 per hour.  Dawn (ER) will contact EE via phone today inviting him back to modified work.\n\nA meeting has been scheduled with Dawn Close (ER) to develop a transitional job assignment based on the duties available within EE's temporary restrictions on 4/7 @11:00 a.m.  We will keep you updated.\n\nThank You\nMaria Aragon\nFocus On Intervention\n760-632-0237<br>---<br>Attached files<br>", 
    "title" : "Oberholtzer,John/30165114596-Update/Modified Work Available", 
    "to" : "melissa.gray-hoggard@sedgwickcms.com", 
    "__v" : NumberInt(0)
}
{ 
    "_id" : ObjectId("570566635990b20e004e0fcf"), 
    "user" : ObjectId("56aa66be44aeb7c61ba42f48"), 
    "date" : ISODate("2016-04-06T19:41:23.220+0000"), 
    "content" : "Hi Nadia,\n\nThese are the current work restrictions from Dr. Tallman for your injured employee, Alma Martinez. \n\nPlease confirm if Alma Martinez continues to work modified duties.\n\n\t\tNo repetitive use of right and left upper extremity.  \n                Limit lift/carry/push/pull to 15 pounds.  \n                No overhead work.\n\nThank You\nMaria Aragon\nFocus On Intervention\n760-632-0237<br>---<br>Attached files<br>", 
    "title" : "Alma Martinez-Important-Please Advise (4/6/16)", 
    "to" : "nadiaf@petrarisksolutions.com", 
    "__v" : NumberInt(0)
}
{ 
    "_id" : ObjectId("57057bef5990b20e004e0fe2"), 
    "user" : ObjectId("56aa66be44aeb7c61ba42f48"), 
    "date" : ISODate("2016-04-06T21:13:19.553+0000"), 
    "content" : "Hi Jonas,\n\nI proceeded to follow up with the employer, Dave Abreu Vineyard Management, Inc. regarding permanent mod/alt availability based on Dr. Morris report dated 3/4/16.  Left messages for Pam Parker, I am awaiting a response.\n\nI will continue to follow up with the ER and keep you updated.\n\nThank You\nMaria Aragon\nFocus On Intervention\n760-632-0237<br>---<br>Attached files<br>", 
    "title" : "Gutierrez,Ulmar/22025045-Update (4/6/16)", 
    "cc" : "ptavarez@bhhc.com", 
    "to" : "jnoack@bhhc.com", 
    "__v" : NumberInt(0)
}
{ 
    "_id" : ObjectId("5706d94ae124af0e001e706a"), 
    "user" : ObjectId("56aa66be44aeb7c61ba42f48"), 
    "date" : ISODate("2016-04-07T22:03:54.164+0000"), 
    "content" : "Hi Jeffery,\n\nPTP & Phone #: USHW 877-678-4612\n\nSpoke with: Denise\n\nLast Office Visit: 4/7 sx\n\nNext Office Visit: 4/13\n\nStatus: TTD\n\nNext Diary: 4/14\n\nThank You\nMaria Aragon\nFocus On Intervention\n760-632-0237<br>---<br>Attached files<br>", 
    "title" : "Ontiveros,Richard/30165558107-MD Response (4/7/16)", 
    "bcc" : "phowland@focusonintervention.com", 
    "to" : "jeffery.choi@sedgwickcms.com", 
    "__v" : NumberInt(0)
}
{ 
    "_id" : ObjectId("5706da32e124af0e001e706b"), 
    "user" : ObjectId("56aa66be44aeb7c61ba42f48"), 
    "date" : ISODate("2016-04-07T22:07:46.733+0000"), 
    "content" : "Emailed Melinda Referral<br>---<br>Attached files<br>", 
    "title" : "Test", 
    "to" : "janet@focusonintervention.com", 
    "__v" : NumberInt(0)
}
{ 
    "_id" : ObjectId("5706da61e124af0e001e706d"), 
    "user" : ObjectId("56aa66be44aeb7c61ba42f48"), 
    "date" : ISODate("2016-04-07T22:08:33.565+0000"), 
    "content" : "Emailed Melinda Referral<br>---<br>Attached files<br><br>---<br>Attached files<br>", 
    "title" : "Assigned to Melinda", 
    "to" : "maria@focusonintervention.com", 
    "__v" : NumberInt(0)
}
{ 
    "_id" : ObjectId("5706dbb7e124af0e001e7070"), 
    "user" : ObjectId("56aa66be44aeb7c61ba42f48"), 
    "date" : ISODate("2016-04-07T22:14:15.894+0000"), 
    "content" : "Per Sedgwick notes:\n\nLOV: 3/21\nNOV: 4/20 @11:40\n\nTTD\n\nThank You\nMaria Aragon<br>---<br>Attached files<br>", 
    "title" : "Francisco Rodriguez/30165451687-Please add to your diary", 
    "to" : "phowland@focusonintervention.com", 
    "__v" : NumberInt(0)
}
{ 
    "_id" : ObjectId("5706dc85e124af0e001e7073"), 
    "user" : ObjectId("56aa66be44aeb7c61ba42f48"), 
    "date" : ISODate("2016-04-07T22:17:41.304+0000"), 
    "content" : "Per Sedgwick notes:\n\nLOV: 3/17\nNOV: 4/20\n\nTTD\n\nThank You\nMaria Aragon<br>---<br>Attached files<br>", 
    "title" : "Carmela Tecla-Gabriel/30142758785-Please add to your diary", 
    "to" : "phowland@focusonintervention.com", 
    "__v" : NumberInt(0)
}
{ 
    "_id" : ObjectId("5706dd4ae124af0e001e7078"), 
    "user" : ObjectId("56aa66be44aeb7c61ba42f48"), 
    "date" : ISODate("2016-04-07T22:20:58.505+0000"), 
    "content" : "Per Sedgwick notes:\n\nLOV: 4/2\nNOV: 4/8\n\nTTD\n\nThank You\nMaria Aragon<br>---<br>Attached files<br>", 
    "title" : "Vitas Baldana/30165460313-Please add to your diary", 
    "to" : "phowland@focusonintervention.com", 
    "__v" : NumberInt(0)
}
{ 
    "_id" : ObjectId("5706ddc9e124af0e001e707d"), 
    "user" : ObjectId("56aa66be44aeb7c61ba42f48"), 
    "date" : ISODate("2016-04-07T22:23:05.164+0000"), 
    "content" : "Per Sedgwick notes:\n\nLOV: 3/23\nNOV: 4/20\n\nTTD\n\nThank You\nMaria Aragon<br>---<br>Attached files<br>", 
    "title" : "David Menjivar/30165250923-Please add to your diary", 
    "to" : "phowland@focusonintervention.com", 
    "__v" : NumberInt(0)
}
{ 
    "_id" : ObjectId("57080b824b4a110e00cc789a"), 
    "user" : ObjectId("56aa66be44aeb7c61ba42f48"), 
    "date" : ISODate("2016-04-08T19:50:26.089+0000"), 
    "content" : "<p>Hi Rebecca,</p><p>A JD/ERTW meeting took place with Judy Gomes (ER).  Per Judy (ER) modified work is available for EE as of 4/12/16 40 hours per week @$16.00 per hour.  Judy (ER) will contact EE inviting him back to work.</p><p>Thank You</p><p>Maria Aragon</p><p>Focus On Intervention</p><p>760-632-0237</p><p>------</p><div style=\"color: #500050;\"><b>On:</b> 04/04/2016 14:12<br/> <b>To:</b> rebecca.feldman@sedgwickcms.com<br/> <b>cc: </b><br/> <b>bcc:</b> maria@focusonintervention.com<br/> <b>Content:</b> <br/>Hi Rebecca,A JD/ERTW meeting has been scheduled with Judy Gomes at Iron Mechanical, Inc. (916-341-3531) for EE Jose Hernandez on 4/5 @1:00 p.m.  Per Judy (ER) modified work is available however did not provide me with the start date, hours and wages.  We will follow up with the ERPer Judy (ER) they have tried to reach EE via phone however have had no luck.  Advised Judy (ER) to send EE a letter inviting him back to work.We will keep you updated.Thank YouMaria AragonFocus On Intervention760-632-0237<br/>---<br/>Attached files<br/></div>", 
    "title" : "Hernandez,Jose/30165592129-Modified Work Available", 
    "bcc" : "", 
    "cc" : "", 
    "to" : "rebecca.feldman@sedgwickcms.com", 
    "__v" : NumberInt(0)
}
{ 
    "_id" : ObjectId("57080c084b4a110e00cc789b"), 
    "user" : ObjectId("56aa66be44aeb7c61ba42f48"), 
    "date" : ISODate("2016-04-08T19:52:40.123+0000"), 
    "content" : "<p>Test</p><p>------</p><div style=\"color: #500050;\"><b>On:</b> 04/06/2016 58:09<br/> <b>To:</b> janet@focusonintervention.com<br/> <b>cc: </b><br/> <b>bcc:</b> <br/> <b>Content:</b> <br/>Hi Melissa,I have continued to follow up with the employer, Grace Design Associates, Inc. regarding modified work availability.  Left messages for Dawn Close, I am awaiting a response.I will continue to follow up with the ER and keep you updated.Thank YouMaria AragonFocus On Intervention760-632-0237<br/>---<br/>Attached files<br/></div>", 
    "title" : "Test", 
    "bcc" : "", 
    "cc" : "", 
    "to" : "janet@focusonintervention.com", 
    "__v" : NumberInt(0)
}
{ 
    "_id" : ObjectId("57081467d3477e1700e23f21"), 
    "user" : ObjectId("56aa66be44aeb7c61ba42f48"), 
    "date" : ISODate("2016-04-08T20:28:23.695+0000"), 
    "content" : "<p class=\"p1\">Hi Rebecca,</p><p class=\"p2\">For your review.  All correct documents have been mailed to the employee and employer with Proof of Service.</p><p class=\"p4\"><span class=\"s1\"><b>X_</b></span>            Cover letter</p><p class=\"p4\"><span class=\"s1\"><b>X_</b></span>            Temporary Transitional Work Offer</p><p class=\"p4\"><span class=\"s1\"><b>X_</b></span>            Job Description of temporary transitional duties</p><p class=\"p4\"><br/></p><p class=\"p4\">Thank You</p><p class=\"p4\">Maria Aragon</p><p class=\"p4\">Focus On Intervention</p><p class=\"p4\">760-632-0237</p><br>---<br>Attached files<br><a href='https://focusdev.s3.amazonaws.com/56aa66be44aeb7c61ba42f48/14601472966835cd070e4c9f50071360eHernandez%2CJose-TWA%20Offer.pdf'>Hernandez,Jose-TWA Offer.pdf</a><br>", 
    "title" : "Hernandez,Jose/30165592129-Sent Notice of Offer of Transitional Work", 
    "bcc" : "maria@focusonintervention.com", 
    "to" : "rebecca.feldman@sedgwickcms.com", 
    "__v" : NumberInt(0)
}
{ 
    "_id" : ObjectId("57081857d3477e1700e23f26"), 
    "user" : ObjectId("56aa66be44aeb7c61ba42f47"), 
    "date" : ISODate("2016-04-08T20:45:11.243+0000"), 
    "content" : "<p>Hi Hector</p><p>Attached is the amended Transitional job description I spoke with you about.</p><p>Please review, sign and return ASAP to 888-503-3910</p><p>Also please confirm his rate of pay</p><p><br/></p><p>Thank you</p><p>Janet Collins</p><p>Focus On Intervention</p><p>Return to Work Coordinator</p><p>760-632-0237</p><br>---<br>Attached files<br><a href='https://focusdev.s3.amazonaws.com/56aa66be44aeb7c61ba42f47/1460148222800e206aaaaa847f493ad95Alvarez%2CEdgar.pdf'>Alvarez,Edgar.pdf</a><br>", 
    "title" : "Edgar Alvarez Cl # 17003443 Transitional Job Description to ER & comment", 
    "to" : "Field1@sierraconcreteresurfacing.com", 
    "__v" : NumberInt(0)
}
{ 
    "_id" : ObjectId("570818cbd3477e1700e23f28"), 
    "user" : ObjectId("56aa66be44aeb7c61ba42f48"), 
    "date" : ISODate("2016-04-08T20:47:07.198+0000"), 
    "content" : "<p class=\"p1\">Hi Rebecca,</p><p class=\"p1\">I've attached the Job Description and transitional assignment developed for this worker for your records.</p><p class=\"p1\">We are following up with the treater, Kaiser</p><p class=\"p1\">We will continue to keep you updated</p><p class=\"p1\"><br/></p><p class=\"p1\"><br/></p><p class=\"p1\">Thank You</p><p class=\"p1\">Maria Aragon</p><p class=\"p1\">Focus On Intervention</p><p class=\"p1\">760-632-0237</p><br>---<br>Attached files<br><a href='https://focusdev.s3.amazonaws.com/56aa66be44aeb7c61ba42f48/14601484116054984bfecee69c8f79079Hernandez%2CJose-Status%20Package.pdf'>Hernandez,Jose-Status Package.pdf</a><br>", 
    "title" : "Hernandez,Jose/30165592129-Status With Documents", 
    "to" : "rebecca.feldman@sedgwickcms.com", 
    "__v" : NumberInt(0)
}
{ 
    "_id" : ObjectId("57081f1cd3477e1700e23f2d"), 
    "user" : ObjectId("56aa66be44aeb7c61ba42f48"), 
    "date" : ISODate("2016-04-08T21:14:04.784+0000"), 
    "content" : "<p>TRST</p>", 
    "title" : "test", 
    "to" : "foinorth@mac.com", 
    "__v" : NumberInt(0)
}
{ 
    "_id" : ObjectId("57081f60d3477e1700e23f2e"), 
    "user" : ObjectId("56aa66be44aeb7c61ba42f48"), 
    "date" : ISODate("2016-04-08T21:15:12.313+0000"), 
    "content" : "<br>------<div style='color:#500050;font-size:80%'><b>On:</b> 04/08/2016 14:14<br> <b>To:</b> foinorth@mac.com<br> <b>cc: </b><br> <b>bcc:</b> <br> <b>Content:</b> <br><p>TRST</p></div>", 
    "title" : "test", 
    "bcc" : "", 
    "cc" : "", 
    "to" : "foinorth@mac.com", 
    "__v" : NumberInt(0)
}
{ 
    "_id" : ObjectId("570824c7d3477e1700e23f31"), 
    "user" : ObjectId("56aa66be44aeb7c61ba42f48"), 
    "date" : ISODate("2016-04-08T21:38:15.235+0000"), 
    "content" : "<p class=\"p1\">Hi Pauline,</p><p><br/></p><p class=\"p1\">I've attached the Job Description and transitional assignment developed for this worker for your records.</p><p class=\"p2\">We are following up with the treater, Kaiser</p><p class=\"p2\">We will continue to keep you updated</p><p class=\"p2\"><br/></p><p class=\"p2\">Thank You</p><p class=\"p2\">Maria Aragon</p><p class=\"p2\">Focus On Intervention</p><p class=\"p2\">760-632-0237</p><br>---<br>Attached files<br><a href='https://focusdev.s3.amazonaws.com/56aa66be44aeb7c61ba42f48/1460151486777dd8469b724b7585f3247So%2CFrederick-Status%20Package.pdf'>So,Frederick-Status Package.pdf</a><br>", 
    "title" : "So,Frederick/30165171122-Status With Documents", 
    "bcc" : "maria@focusonintervention.com", 
    "to" : "pauline.gonzalez@sedgwickcms.com", 
    "__v" : NumberInt(0)
}
{ 
    "_id" : ObjectId("57083b64d3477e1700e23f42"), 
    "user" : ObjectId("56aa66be44aeb7c61ba42f48"), 
    "date" : ISODate("2016-04-08T23:14:44.798+0000"), 
    "content" : "<p class=\"p1\">Hi Bonnie,</p><p class=\"p1\">I've attached the Job Description developed for this worker for your records.</p><p class=\"p1\">We are following up with the treater, Corona Orthopaedic Associates Medical Group</p><p class=\"p1\">We will continue to keep you updated.</p><p class=\"p1\"><br/></p><p><br/></p><p class=\"p1\">Thank You</p><p class=\"p1\">Maria Aragon</p><p class=\"p1\">Focus On Intervention</p><p class=\"p1\">760-632-0237</p><p><br/></p><br>---<br>Attached files<br><a href='https://focusdev.s3.amazonaws.com/56aa66be44aeb7c61ba42f48/1460157273804cc4140f2360d1972deddRamirez%2CGabriel-Status%20Package.pdf'>Ramirez,Gabriel-Status Package.pdf</a><br>", 
    "title" : "Ramirez,Gabriel/33070860-Status With Documents", 
    "bcc" : "maria@focusonintervention.com", 
    "cc" : "rmohn@bhhc.com", 
    "to" : "bhass@bhhc.com", 
    "__v" : NumberInt(0)
}
{ 
    "_id" : ObjectId("57083ff2d3477e1700e23f4b"), 
    "user" : ObjectId("56aa66be44aeb7c61ba42f48"), 
    "date" : ISODate("2016-04-08T23:34:10.752+0000"), 
    "content" : "<p class=\"p1\">Hi Bonnie,</p><p class=\"p1\">I've attached the Generic JA developed regarding the occupation of Executive Director, Student Services Office for your records.</p><p class=\"p1\">We will now proceed to close our file.</p><p class=\"p1\"><br/></p><p><br/></p><p class=\"p1\">Thank You</p><p class=\"p1\">Maria Aragon</p><p class=\"p1\">Focus On Intervention</p><p class=\"p1\">760-632-0237</p><p><br/></p><br>---<br>Attached files<br><a href='https://focusdev.s3.amazonaws.com/56aa66be44aeb7c61ba42f48/1460158445382a2d82b66c4f59b3e322aTrousdale%2CLinda-Status%20Package.pdf'>Trousdale,Linda-Status Package.pdf</a><br>", 
    "title" : "Trousdale,Linda/SDBG-047074-Status With Documents/Closing File", 
    "bcc" : "maria@focusonintervention.com", 
    "to" : "lizette.martinez@yorkrsg.com", 
    "__v" : NumberInt(0)
}
{ 
    "_id" : ObjectId("57094977869ff60e0099e0e3"), 
    "user" : ObjectId("56aa66be44aeb7c61ba42f48"), 
    "date" : ISODate("2016-04-09T18:27:03.793+0000"), 
    "content" : "<br>------<div style='color:#500050;font-size:80%'><b>On:</b> 03/29/2016 17:10<br> <b>To:</b> phowland@focusonintervention.com<br> <b>cc: </b><br> <b>bcc:</b> <br> <b>Content:</b> <br>Per Sedgwick notes:\n\nLOV: 3/2\nTTD</div>", 
    "title" : "TEST of forward", 
    "bcc" : "", 
    "cc" : "foinorth@mac.com", 
    "to" : "bn.barak@gmail.com", 
    "__v" : NumberInt(0)
}
{ 
    "_id" : ObjectId("5709498e869ff60e0099e0e4"), 
    "user" : ObjectId("56aa66be44aeb7c61ba42f48"), 
    "date" : ISODate("2016-04-09T18:27:26.371+0000"), 
    "content" : "<p>I am testing forwarded e-mails</p><p>------</p><div style=\"color: #500050;\"><b>On:</b> 03/29/2016 17:10<br/> <b>To:</b> phowland@focusonintervention.com<br/> <b>cc: </b><br/> <b>bcc:</b> <br/> <b>Content:</b> <br/>Per Sedgwick notes:LOV: 3/2TTD</div>", 
    "title" : "TEST of forward", 
    "bcc" : "", 
    "cc" : "foinorth@mac.com", 
    "to" : "bn.barak@gmail.com", 
    "__v" : NumberInt(0)
}
{ 
    "_id" : ObjectId("570949b3869ff60e0099e0e5"), 
    "user" : ObjectId("56aa66be44aeb7c61ba42f48"), 
    "date" : ISODate("2016-04-09T18:28:03.903+0000"), 
    "content" : "<br>------<div style='color:#500050;font-size:80%'><b>On:</b> 03/29/2016 17:10<br> <b>To:</b> bn.barak@gmail.com<br> <b>cc: </b>foinorth@mac.com<br> <b>bcc:</b> <br> <b>Content:</b> <br><p>I am testing forwarded e-mails</p><p>------</p><div style=\"color: #500050;\"><b>On:</b> 03/29/2016 17:10<br/> <b>To:</b> phowland@focusonintervention.com<br/> <b>cc: </b><br/> <b>bcc:</b> <br/> <b>Content:</b> <br/>Per Sedgwick notes:LOV: 3/2TTD</div></div>", 
    "title" : "TEST of forward", 
    "bcc" : "", 
    "cc" : "", 
    "to" : "bn.barak@gmail", 
    "__v" : NumberInt(0)
}
{ 
    "_id" : ObjectId("570bdb8393c2260e00be4e87"), 
    "user" : ObjectId("56aa66be44aeb7c61ba42f48"), 
    "date" : ISODate("2016-04-11T17:14:43.372+0000"), 
    "content" : "<p>Hi Stephen,</p><p>I proceeded to follow up with the employer, Navarro AG Labor and Trucking, Inc. in regards to scheduling appointment to develop the JD based on EE's usual and customary duties as well as exploring modified work availability.  Left messages for ER 661-412-7071 on general voicemail, I am awaiting a call back.</p><p><br/></p><p>Can you please confirm if EE is treating?</p><p>I proceeded to follow up with Central Valley Medical Group 661-632-1540 was advised by Stephanie EE was at their office on 3/14, however left.  EE was not evaluated.  No follow up schedule.</p><p><br/></p><p>Thank You</p><p>Maria Aragon</p><p>Focus On Intervention</p><p>760-632-0237</p>\n---\n<p><font color=\"#808080\"><b>te</b><b>st 123</b></font></p><p><br/></p>\n<a href=\"http://www.focusonintervention.com/\"><img width=\"300\" title=\"\" alt=\"\" src=\"https://s3-us-west-1.amazonaws.com/production-foi/images-for-emails/logo.jpg\" /></a>\n<a href=\"http://www.focusonintervention.com/form.html\"><img width=\"140\" height=\"39\" title=\"\" alt=\"\" src=\"https://s3-us-west-1.amazonaws.com/production-foi/images-for-emails/unnamed.png\" /></a>  <a href=\"http://www.focusonintervention.com/\"><img width=\"140\" height=\"39\" title=\"\" alt=\"\" src=\"https://s3-us-west-1.amazonaws.com/production-foi/images-for-emails/visit.png\" /></a></a>", 
    "title" : "Leal,Josefine/30165506775-Update/Please Advise (4/11/16)", 
    "to" : "stephen.parra@sedgwickcms.com", 
    "__v" : NumberInt(0)
}
{ 
    "_id" : ObjectId("570be29593c2260e00be4e8d"), 
    "user" : ObjectId("56aa66be44aeb7c61ba42f48"), 
    "date" : ISODate("2016-04-11T17:44:53.577+0000"), 
    "content" : "<p>Hi Pat/Paul,</p><p>Please add to your diary.  New file.</p><p>Phd. MD 818-905-2222 was advised EE was seen 3/28 has a follow up scheduled for 5/9.  Left message for Melissa re: disability status.  Is EE off work?  Does EE have restrictions?</p><p><br/></p><p>Thank You</p><p>Maria Aragon</p>\n---\n<p><font color=\"#808080\"><b>te</b><b>st 123</b></font></p><p><br/></p>\n<a href=\"http://www.focusonintervention.com/\"><img width=\"300\" title=\"\" alt=\"\" src=\"https://s3-us-west-1.amazonaws.com/production-foi/images-for-emails/logo.jpg\" /></a>\n<a href=\"http://www.focusonintervention.com/form.html\"><img width=\"140\" height=\"39\" title=\"\" alt=\"\" src=\"https://s3-us-west-1.amazonaws.com/production-foi/images-for-emails/unnamed.png\" /></a>  <a href=\"http://www.focusonintervention.com/\"><img width=\"140\" height=\"39\" title=\"\" alt=\"\" src=\"https://s3-us-west-1.amazonaws.com/production-foi/images-for-emails/visit.png\" /></a></a>", 
    "title" : "Olga Gonzalez/30154092175-Please add to your diary", 
    "to" : "phowland@focusonintervention.com", 
    "__v" : NumberInt(0)
}
{ 
    "_id" : ObjectId("570be38393c2260e00be4e8f"), 
    "user" : ObjectId("56aa66be44aeb7c61ba42f48"), 
    "date" : ISODate("2016-04-11T17:48:51.990+0000"), 
    "content" : "<p>Per Sedgwick notes:</p><table id=\"NotesData\" class=\"dataTable\" style=\"width: 100%;\"><tbody><tr class=\"noteMetaDataRow noteRow altRow\"><td class=\"noteData\">4/8/2016</td>                <td class=\"noteData\">PAULINEG</td>                <td class=\"noteData\">PAULINEG</td>                <td class=\"noteData\">claim</td>                <td class=\"noteData last-child\">MD</td>            </tr>            <tr class=\"noteTextDataRow noteRow\">                <td colspan=\"5\">                    Dr. Knight<br/><br/>LOV 4/6/16<br/><br/>W/S Mod Duty <br/><br/>RES No lift &gt;10 lbs., no power gripping/push/pull with Right hand, take breaks as needed from bagging, no cutting boxes.<br/><br/>NOV: 5/11 per Megan</td></tr></tbody></table>\n---\n<p><font color=\"#808080\"><b>te</b><b>st 123</b></font></p><p><br/></p>\n<a href=\"http://www.focusonintervention.com/\"><img width=\"300\" title=\"\" alt=\"\" src=\"https://s3-us-west-1.amazonaws.com/production-foi/images-for-emails/logo.jpg\" /></a>\n<a href=\"http://www.focusonintervention.com/form.html\"><img width=\"140\" height=\"39\" title=\"\" alt=\"\" src=\"https://s3-us-west-1.amazonaws.com/production-foi/images-for-emails/unnamed.png\" /></a>  <a href=\"http://www.focusonintervention.com/\"><img width=\"140\" height=\"39\" title=\"\" alt=\"\" src=\"https://s3-us-west-1.amazonaws.com/production-foi/images-for-emails/visit.png\" /></a></a>", 
    "title" : "Guadalupe Lopez/30143185459-MD Status-Please add to your diary", 
    "to" : "phowland@focusonintervention.com", 
    "__v" : NumberInt(0)
}
{ 
    "_id" : ObjectId("570bea0393c2260e00be4e95"), 
    "user" : ObjectId("56aa66be44aeb7c61ba42f4d"), 
    "date" : ISODate("2016-04-11T18:16:35.289+0000"), 
    "content" : "<p>Diaried 04/13</p><div><br/><div>Have a great day !<br/>Sincerely, <br/><br/>P Howland<br/>Focus On Intervention<br/>Return To Work Coordinator<br/>phowland@focusonintervention.com </div><div><br/><!--StartFragment--><p>Hi Pat/Paul,</p><p>Please add to your diary.  New file.</p><p>Phd. MD<br/> 818-905-2222 was advised EE was seen 3/28 has a follow up scheduled for<br/> 5/9.  Left message for Melissa re: disability status.  Is EE off work? <br/> Does EE have restrictions?</p><p><br/></p><p>Thank You</p><p>Maria Aragon</p><!--EndFragment--><br/><br/></div></div>\n---\n\n<a href=\"http://www.focusonintervention.com/\"><img width=\"300\" title=\"\" alt=\"\" src=\"https://s3-us-west-1.amazonaws.com/production-foi/images-for-emails/logo.jpg\" /></a>\n<a href=\"http://www.focusonintervention.com/form.html\"><img width=\"140\" height=\"39\" title=\"\" alt=\"\" src=\"https://s3-us-west-1.amazonaws.com/production-foi/images-for-emails/unnamed.png\" /></a>  <a href=\"http://www.focusonintervention.com/\"><img width=\"140\" height=\"39\" title=\"\" alt=\"\" src=\"https://s3-us-west-1.amazonaws.com/production-foi/images-for-emails/visit.png\" /></a></a>", 
    "title" : "RE : Olga Gonzalez/30154092175-Please add to your diary", 
    "to" : "maria@focusonintervention.com", 
    "__v" : NumberInt(0)
}
{ 
    "_id" : ObjectId("570bef8693c2260e00be4e9a"), 
    "user" : ObjectId("56aa66be44aeb7c61ba42f48"), 
    "date" : ISODate("2016-04-11T18:40:06.163+0000"), 
    "content" : "<p>Per Sedgwick notes:</p><p>LOV: 3/29</p><p>NOV: 5/9</p><p>TTD</p><p><br/></p>\n---\n<p><font color=\"#808080\"><b>te</b><b>st 123</b></font></p><p><br/></p>\n<a href=\"http://www.focusonintervention.com/\"><img width=\"300\" title=\"\" alt=\"\" src=\"https://s3-us-west-1.amazonaws.com/production-foi/images-for-emails/logo.jpg\" /></a>\n<a href=\"http://www.focusonintervention.com/form.html\"><img width=\"140\" height=\"39\" title=\"\" alt=\"\" src=\"https://s3-us-west-1.amazonaws.com/production-foi/images-for-emails/unnamed.png\" /></a>  <a href=\"http://www.focusonintervention.com/\"><img width=\"140\" height=\"39\" title=\"\" alt=\"\" src=\"https://s3-us-west-1.amazonaws.com/production-foi/images-for-emails/visit.png\" /></a></a>", 
    "title" : "Paul Frost/30154797366-MD Status-Please add to your diary", 
    "to" : "phowland@focusonintervention.com", 
    "__v" : NumberInt(0)
}
{ 
    "_id" : ObjectId("570bef8693c2260e00be4e9b"), 
    "user" : ObjectId("56aa66be44aeb7c61ba42f48"), 
    "date" : ISODate("2016-04-11T18:40:06.515+0000"), 
    "content" : "<p>Per Sedgwick notes:</p><p>LOV: 3/29</p><p>NOV: 5/9</p><p>TTD</p><p><br/></p>\n---\n<p><font color=\"#808080\"><b>te</b><b>st 123</b></font></p><p><br/></p>\n<a href=\"http://www.focusonintervention.com/\"><img width=\"300\" title=\"\" alt=\"\" src=\"https://s3-us-west-1.amazonaws.com/production-foi/images-for-emails/logo.jpg\" /></a>\n<a href=\"http://www.focusonintervention.com/form.html\"><img width=\"140\" height=\"39\" title=\"\" alt=\"\" src=\"https://s3-us-west-1.amazonaws.com/production-foi/images-for-emails/unnamed.png\" /></a>  <a href=\"http://www.focusonintervention.com/\"><img width=\"140\" height=\"39\" title=\"\" alt=\"\" src=\"https://s3-us-west-1.amazonaws.com/production-foi/images-for-emails/visit.png\" /></a></a>", 
    "title" : "Paul Frost/30154797366-MD Status-Please add to your diary", 
    "to" : "phowland@focusonintervention.com", 
    "__v" : NumberInt(0)
}
{ 
    "_id" : ObjectId("570bff2793c2260e00be4ea5"), 
    "user" : ObjectId("56aa66be44aeb7c61ba42f48"), 
    "date" : ISODate("2016-04-11T19:46:47.553+0000"), 
    "content" : "<p>Hi Brea,</p><p>I have continued to follow up with the employer, Comet Building maintenance, Inc. regarding permanent mod/alt being available spoke to Richard Basile.  Per Richard (ER) there is no permanent mod/alt available.</p><p><br/></p><p>We will now proceed to close our file.</p><p><br/></p><p>Thank You</p><p>Maria Aragon</p><p>Focus On Intervention</p><p>760-632-0237</p>\n---\n<p><font color=\"#808080\"><b>te</b><b>st 123</b></font></p><p><br/></p>\n<a href=\"http://www.focusonintervention.com/\"><img width=\"300\" title=\"\" alt=\"\" src=\"https://s3-us-west-1.amazonaws.com/production-foi/images-for-emails/logo.jpg\" /></a>\n<a href=\"http://www.focusonintervention.com/form.html\"><img width=\"140\" height=\"39\" title=\"\" alt=\"\" src=\"https://s3-us-west-1.amazonaws.com/production-foi/images-for-emails/unnamed.png\" /></a>  <a href=\"http://www.focusonintervention.com/\"><img width=\"140\" height=\"39\" title=\"\" alt=\"\" src=\"https://s3-us-west-1.amazonaws.com/production-foi/images-for-emails/visit.png\" /></a></a>", 
    "title" : "Gonzalez,Eloy/30153442043-No Permanent Mod/Alt Available/Closing File", 
    "bcc" : "maria@focusonintervention.com", 
    "to" : "brea.pfankuch@sedgwickcms.com", 
    "__v" : NumberInt(0)
}
{ 
    "_id" : ObjectId("570c09b193c2260e00be4eb2"), 
    "user" : ObjectId("56aa66be44aeb7c61ba42f48"), 
    "date" : ISODate("2016-04-11T20:31:45.446+0000"), 
    "content" : "<p class=\"p1\">Hi Pauline,</p><p class=\"p2\">A JD/ERTW meeting has been scheduled with Daniel Ulloa at Babyhaven.com, Inc. (213-949-2212) for EE Guadalupe Lopez on 4/12 @10:00 a.m.</p><p class=\"p2\">We will keep you updated.</p><p class=\"p2\"><br/></p><p class=\"p2\">Thank You</p><p class=\"p2\">Maria Aragon</p><p class=\"p2\">Focus On Intervention</p><p class=\"p2\">760-632-0237</p><p><br/></p><p><br/></p><p><br/></p>\n---\n<p><font color=\"#808080\"><b>te</b><b>st 123</b></font></p><p><br/></p>\n<a href=\"http://www.focusonintervention.com/\"><img width=\"300\" title=\"\" alt=\"\" src=\"https://s3-us-west-1.amazonaws.com/production-foi/images-for-emails/logo.jpg\" /></a>\n<a href=\"http://www.focusonintervention.com/form.html\"><img width=\"140\" height=\"39\" title=\"\" alt=\"\" src=\"https://s3-us-west-1.amazonaws.com/production-foi/images-for-emails/unnamed.png\" /></a>  <a href=\"http://www.focusonintervention.com/\"><img width=\"140\" height=\"39\" title=\"\" alt=\"\" src=\"https://s3-us-west-1.amazonaws.com/production-foi/images-for-emails/visit.png\" /></a></a>", 
    "title" : "Lopez,Guadalupe/30143184459-Update (4/11/16)", 
    "to" : "pauline.gonzalez@sedgwickcms.com", 
    "__v" : NumberInt(0)
}
{ 
    "_id" : ObjectId("570c0c1693c2260e00be4eb4"), 
    "user" : ObjectId("56aa66be44aeb7c61ba42f48"), 
    "date" : ISODate("2016-04-11T20:41:58.860+0000"), 
    "content" : "<p class=\"p1\">Hi Victoria,</p><p class=\"p2\">A JD/ERTW meeting has been scheduled with Enrique Rodriguez at Los Altos Farms (831-726-5120) for EE Everardo Ortiz on 4/12 @11:00 a.m.</p><p class=\"p2\">We will keep you updated.</p><p class=\"p2\"><br/></p><p class=\"p2\">Thank You</p><p class=\"p2\">Maria Aragon</p><p class=\"p2\">Focus On Intervention</p><p class=\"p2\">760-632-0237</p><p><br/></p><p><br/></p><p><br/></p>\n---\n<p><font color=\"#808080\"><b>te</b><b>st 123</b></font></p><p><br/></p>\n<a href=\"http://www.focusonintervention.com/\"><img width=\"300\" title=\"\" alt=\"\" src=\"https://s3-us-west-1.amazonaws.com/production-foi/images-for-emails/logo.jpg\" /></a>\n<a href=\"http://www.focusonintervention.com/form.html\"><img width=\"140\" height=\"39\" title=\"\" alt=\"\" src=\"https://s3-us-west-1.amazonaws.com/production-foi/images-for-emails/unnamed.png\" /></a>  <a href=\"http://www.focusonintervention.com/\"><img width=\"140\" height=\"39\" title=\"\" alt=\"\" src=\"https://s3-us-west-1.amazonaws.com/production-foi/images-for-emails/visit.png\" /></a></a>", 
    "title" : "Ortiz,Everardo/30165332948-Update (4/11/16)", 
    "to" : "bryan.horton@sedgwickcms.com", 
    "__v" : NumberInt(0)
}
{ 
    "_id" : ObjectId("570c1dde93c2260e00be4ebd"), 
    "user" : ObjectId("56aa66be44aeb7c61ba42f48"), 
    "date" : ISODate("2016-04-11T21:57:50.846+0000"), 
    "content" : "<p class=\"p1\">Hi Stephen,</p><p class=\"p2\">A JD/ERTW meeting has been scheduled with Rebecca Fernandez at Navarro AG Labor and Trucking, Inc. (661-412-7071) for EE Josefina Leal on 4/12 @1:00 p.m.</p><p class=\"p2\">We will keep you updated.</p><p class=\"p2\"><br/></p><p class=\"p2\">Thank You</p><p class=\"p2\">Maria Aragon</p><p class=\"p2\">Focus On Intervention</p><p class=\"p2\">760-632-0237</p><p><br/></p><p><br/></p><p><br/></p>\n---\n<p><font color=\"#808080\"><b>te</b><b>st 123</b></font></p><p><br/></p>\n<a href=\"http://www.focusonintervention.com/\"><img width=\"300\" title=\"\" alt=\"\" src=\"https://s3-us-west-1.amazonaws.com/production-foi/images-for-emails/logo.jpg\" /></a>\n<a href=\"http://www.focusonintervention.com/form.html\"><img width=\"140\" height=\"39\" title=\"\" alt=\"\" src=\"https://s3-us-west-1.amazonaws.com/production-foi/images-for-emails/unnamed.png\" /></a>  <a href=\"http://www.focusonintervention.com/\"><img width=\"140\" height=\"39\" title=\"\" alt=\"\" src=\"https://s3-us-west-1.amazonaws.com/production-foi/images-for-emails/visit.png\" /></a></a>", 
    "title" : "Leal,Josefina/30165506775-Update (4/11/16)", 
    "to" : "stephen.parra@sedgwickcms.com", 
    "__v" : NumberInt(0)
}
{ 
    "_id" : ObjectId("570c240e93c2260e00be4ebf"), 
    "user" : ObjectId("56aa66be44aeb7c61ba42f48"), 
    "date" : ISODate("2016-04-11T22:24:14.741+0000"), 
    "content" : "<p>Hi Stephen,</p><p></p><p>PTP &amp; Phone #: Inland Urgent Care 951-246-3033</p><p></p><p>Spoke with: Megha</p><p></p><p>Last Office Visit: 3/15</p><p></p><p>Next Office Visit: Pending ortho visit</p><p></p><p>Status: TTD</p><p></p><p>Next Diary: 4/25</p><p>Thank You</p><p>Maria Aragon</p><p>Focus On Intervention</p><p>760-632-0237</p>\n---\n<p><font color=\"#808080\"><b>te</b><b>st 123</b></font></p><p><br/></p>\n<a href=\"http://www.focusonintervention.com/\"><img width=\"300\" title=\"\" alt=\"\" src=\"https://s3-us-west-1.amazonaws.com/production-foi/images-for-emails/logo.jpg\" /></a>\n<a href=\"http://www.focusonintervention.com/form.html\"><img width=\"140\" height=\"39\" title=\"\" alt=\"\" src=\"https://s3-us-west-1.amazonaws.com/production-foi/images-for-emails/unnamed.png\" /></a>  <a href=\"http://www.focusonintervention.com/\"><img width=\"140\" height=\"39\" title=\"\" alt=\"\" src=\"https://s3-us-west-1.amazonaws.com/production-foi/images-for-emails/visit.png\" /></a></a>", 
    "title" : "Kassa,Nevada/30165283392-MD Response (4/11/16)", 
    "bcc" : "phowland@focusonintervention.com", 
    "to" : "stephen.parra@sedgwickcms.com", 
    "__v" : NumberInt(0)
}
{ 
    "_id" : ObjectId("570c62ca93c2260e00be4ec3"), 
    "user" : ObjectId("56aa66be44aeb7c61ba42f48"), 
    "date" : ISODate("2016-04-12T02:51:54.777+0000"), 
    "content" : "Per Brenda Harrelson at Golden State Fire Protection, Inc. there is no perm. mod/alt available\n---\n<p><font color=\"#808080\"><b>te</b><b>st 123</b></font></p><p><br/></p>\n<a href=\"http://www.focusonintervention.com/\"><img width=\"300\" title=\"\" alt=\"\" src=\"https://s3-us-west-1.amazonaws.com/production-foi/images-for-emails/logo.jpg\" /></a>\n<a href=\"http://www.focusonintervention.com/form.html\"><img width=\"140\" height=\"39\" title=\"\" alt=\"\" src=\"https://s3-us-west-1.amazonaws.com/production-foi/images-for-emails/unnamed.png\" /></a>  <a href=\"http://www.focusonintervention.com/\"><img width=\"140\" height=\"39\" title=\"\" alt=\"\" src=\"https://s3-us-west-1.amazonaws.com/production-foi/images-for-emails/visit.png\" /></a></a>", 
    "title" : "test", 
    "bcc" : "", 
    "cc" : "maria@foccusonintervention.com, janet@focusonintervention.com", 
    "to" : "michelle@focusonintervention.com", 
    "__v" : NumberInt(0)
}
{ 
    "_id" : ObjectId("570d1dfb93c2260e00be4ec6"), 
    "user" : ObjectId("56aa66be44aeb7c61ba42f48"), 
    "date" : ISODate("2016-04-12T16:10:35.712+0000"), 
    "content" : "Per Brenda Harrelson at Golden State Fire Protection, Inc. there is no perm. mod/alt available\n---\n<p>Maria Aragon</p><p>Return to Work Coordinator</p><p>ph 760-632-0237 fax  888-503-3910</p><p><br/></p>\n<a href=\"http://www.focusonintervention.com/\"><img width=\"300\" title=\"\" alt=\"\" src=\"https://s3-us-west-1.amazonaws.com/production-foi/images-for-emails/logo.jpg\" /></a>\n<a href=\"http://www.focusonintervention.com/form.html\"><img width=\"140\" height=\"39\" title=\"\" alt=\"\" src=\"https://s3-us-west-1.amazonaws.com/production-foi/images-for-emails/unnamed.png\" /></a>  <a href=\"http://www.focusonintervention.com/\"><img width=\"140\" height=\"39\" title=\"\" alt=\"\" src=\"https://s3-us-west-1.amazonaws.com/production-foi/images-for-emails/visit.png\" /></a></a>", 
    "title" : "TEST of sig line", 
    "bcc" : "", 
    "cc" : "maria@foccusonintervention.com, janet@focusonintervention.com", 
    "to" : "michelle@focusonintervention.com", 
    "__v" : NumberInt(0)
}
{ 
    "_id" : ObjectId("570d1f4a93c2260e00be4ec9"), 
    "user" : ObjectId("56aa66be44aeb7c61ba42f4d"), 
    "date" : ISODate("2016-04-12T16:16:10.256+0000"), 
    "content" : "Sent e-mail to Tommy in regards to status of sit to stand unit\n---\n<p>Paul Howland</p><p>Medical Status</p><p>Ph 760-632-0237 fax 888-503-3910</p>\n<a href=\"http://www.focusonintervention.com/\"><img width=\"300\" title=\"\" alt=\"\" src=\"https://s3-us-west-1.amazonaws.com/production-foi/images-for-emails/logo.jpg\" /></a>\n<a href=\"http://www.focusonintervention.com/form.html\"><img width=\"140\" height=\"39\" title=\"\" alt=\"\" src=\"https://s3-us-west-1.amazonaws.com/production-foi/images-for-emails/unnamed.png\" /></a>  <a href=\"http://www.focusonintervention.com/\"><img width=\"140\" height=\"39\" title=\"\" alt=\"\" src=\"https://s3-us-west-1.amazonaws.com/production-foi/images-for-emails/visit.png\" /></a></a>", 
    "title" : "Follow up in regards to sit to stand", 
    "to" : "foinorth@mac.com", 
    "__v" : NumberInt(0)
}
{ 
    "_id" : ObjectId("570d1f8093c2260e00be4eca"), 
    "user" : ObjectId("56aa66be44aeb7c61ba42f4d"), 
    "date" : ISODate("2016-04-12T16:17:04.034+0000"), 
    "content" : "Sent e-mail to Tommy in regards to status of sit to stand unit\n---\n<p>Paul Howland</p><p>Medical Status</p><p>Ph 760-632-0237 fax 888-503-3910</p>\n<a href=\"http://www.focusonintervention.com/\"><img width=\"300\" title=\"\" alt=\"\" src=\"https://s3-us-west-1.amazonaws.com/production-foi/images-for-emails/logo.jpg\" /></a>\n<a href=\"http://www.focusonintervention.com/form.html\"><img width=\"140\" height=\"39\" title=\"\" alt=\"\" src=\"https://s3-us-west-1.amazonaws.com/production-foi/images-for-emails/unnamed.png\" /></a>  <a href=\"http://www.focusonintervention.com/\"><img width=\"140\" height=\"39\" title=\"\" alt=\"\" src=\"https://s3-us-west-1.amazonaws.com/production-foi/images-for-emails/visit.png\" /></a></a>", 
    "title" : "Follow up in regards to sit to stand", 
    "to" : "foinorth@mac.com", 
    "__v" : NumberInt(0)
}
{ 
    "_id" : ObjectId("570d219293c2260e00be4ecd"), 
    "user" : ObjectId("56aa66be44aeb7c61ba42f47"), 
    "date" : ISODate("2016-04-12T16:25:54.661+0000"), 
    "content" : "MD response form\n Attachment : https://focusdev.s3.amazonaws.com/56aa66be44aeb7c61ba42f47/145944975058478fd308428ef2b19edf6Phixitxonh%2C%20Ourasith.pdf\n---\n<p>Janet Collins</p><p>Return to Work Coordinator</p><p>ph 760-632-0237 fax 888-503-3910</p>\n<a href=\"http://www.focusonintervention.com/\"><img width=\"300\" title=\"\" alt=\"\" src=\"https://s3-us-west-1.amazonaws.com/production-foi/images-for-emails/logo.jpg\" /></a>\n<a href=\"http://www.focusonintervention.com/form.html\"><img width=\"140\" height=\"39\" title=\"\" alt=\"\" src=\"https://s3-us-west-1.amazonaws.com/production-foi/images-for-emails/unnamed.png\" /></a>  <a href=\"http://www.focusonintervention.com/\"><img width=\"140\" height=\"39\" title=\"\" alt=\"\" src=\"https://s3-us-west-1.amazonaws.com/production-foi/images-for-emails/visit.png\" /></a></a>", 
    "title" : "test", 
    "bcc" : "", 
    "cc" : "", 
    "to" : "foinorth@mac.com", 
    "__v" : NumberInt(0)
}
{ 
    "_id" : ObjectId("570d233093c2260e00be4ece"), 
    "user" : ObjectId("56aa66be44aeb7c61ba42f47"), 
    "date" : ISODate("2016-04-12T16:32:48.897+0000"), 
    "content" : "MD response form\n Attachment : https://focusdev.s3.amazonaws.com/56aa66be44aeb7c61ba42f47/145944975058478fd308428ef2b19edf6Phixitxonh%2C%20Ourasith.pdf\n---\n<p><font color=\"#808080\"></font></p><p class=\"p1\"><span class=\"s2\"><b>Janet Collins</b> </span></p><p class=\"p1\"><span class=\"s2\">Return to Work Coordinator</span></p><p class=\"p2\"><span class=\"s2\"><b>FOCUS ON INTERVENTION</b></span></p><p class=\"p1\"><span class=\"s2\">Phone:   (888)-616-9675 or (760)-632-0237</span></p><p class=\"p1\">Fax:       (760) 632-8037</p><p class=\"p1\">janet@focusonintervention.com</p><p><br/></p><p><br/></p><p><br/></p><p><font color=\"#808080\"></font><br/></p>\n<a href=\"http://www.focusonintervention.com/\"><img width=\"300\" title=\"\" alt=\"\" src=\"https://s3-us-west-1.amazonaws.com/production-foi/images-for-emails/logo.jpg\" /></a>\n<a href=\"http://www.focusonintervention.com/form.html\"><img width=\"140\" height=\"39\" title=\"\" alt=\"\" src=\"https://s3-us-west-1.amazonaws.com/production-foi/images-for-emails/unnamed.png\" /></a>  <a href=\"http://www.focusonintervention.com/\"><img width=\"140\" height=\"39\" title=\"\" alt=\"\" src=\"https://s3-us-west-1.amazonaws.com/production-foi/images-for-emails/visit.png\" /></a></a>", 
    "title" : "test test", 
    "bcc" : "", 
    "cc" : "", 
    "to" : "foinorth@mac.com", 
    "__v" : NumberInt(0)
}
{ 
    "_id" : ObjectId("570d24a093c2260e00be4ecf"), 
    "user" : ObjectId("56aa66be44aeb7c61ba42f47"), 
    "date" : ISODate("2016-04-12T16:38:56.789+0000"), 
    "content" : "MD response form\n Attachment : https://focusdev.s3.amazonaws.com/56aa66be44aeb7c61ba42f47/145944975058478fd308428ef2b19edf6Phixitxonh%2C%20Ourasith.pdf\n---\n<p><font color=\"#808080\"></font></p><p class=\"p1\"><span class=\"s2\"><b>Janet Collins</b> </span></p><p class=\"p1\"><span class=\"s2\">Return to Work Coordinator</span></p><p class=\"p2\"><span class=\"s2\"><b>FOCUS ON INTERVENTION</b></span></p><p class=\"p1\"><span class=\"s2\">Phone: (760)-632-0237 </span>Fax  (760) 632-8037</p><p>janet@focusonintervention.com</p><p><br/></p><p><br/></p><p><br/></p><p><font color=\"#808080\"></font><br/></p>\n<a href=\"http://www.focusonintervention.com/\"><img width=\"300\" title=\"\" alt=\"\" src=\"https://s3-us-west-1.amazonaws.com/production-foi/images-for-emails/logo.jpg\" /></a>\n<a href=\"http://www.focusonintervention.com/form.html\"><img width=\"140\" height=\"39\" title=\"\" alt=\"\" src=\"https://s3-us-west-1.amazonaws.com/production-foi/images-for-emails/unnamed.png\" /></a>  <a href=\"http://www.focusonintervention.com/\"><img width=\"140\" height=\"39\" title=\"\" alt=\"\" src=\"https://s3-us-west-1.amazonaws.com/production-foi/images-for-emails/visit.png\" /></a></a>", 
    "title" : "test 67", 
    "bcc" : "", 
    "cc" : "", 
    "to" : "foinorth@mac.com", 
    "__v" : NumberInt(0)
}
{ 
    "_id" : ObjectId("570d3eeee041360e00351680"), 
    "user" : ObjectId("56aa66be44aeb7c61ba42f48"), 
    "date" : ISODate("2016-04-12T18:31:10.739+0000"), 
    "content" : "<p>Hi Anna,</p><p>I have continued to follow up with the employer, Salson, Inc. in regards to scheduling appointment to develop the JD based on EE's usual and customary duties, as well as exploring modified work availability.  Left messages for Ana Brandt (973-986-0233), I am awaiting a call back.</p><p>I will continue to follow up with the ER and keep you updated.</p>\n---\n<p>Maria Aragon</p><p>Return to Work Coordinator</p><p>ph 760-632-0237 fax  888-503-3910</p><p><br/></p>\n<a href=\"http://www.focusonintervention.com/\"><img width=\"300\" title=\"\" alt=\"\" src=\"https://s3-us-west-1.amazonaws.com/production-foi/images-for-emails/logo.jpg\" /></a>\n<a href=\"http://www.focusonintervention.com/form.html\"><img width=\"140\" height=\"39\" title=\"\" alt=\"\" src=\"https://s3-us-west-1.amazonaws.com/production-foi/images-for-emails/unnamed.png\" /></a>  <a href=\"http://www.focusonintervention.com/\"><img width=\"140\" height=\"39\" title=\"\" alt=\"\" src=\"https://s3-us-west-1.amazonaws.com/production-foi/images-for-emails/visit.png\" /></a></a>", 
    "title" : "Alvarez,Saul/30154964628-Update (4/12/16)", 
    "bcc" : "maria@focusonintervention.com, janet@focusonintervention.com", 
    "to" : "anna.skoropisova@sedgwickcms.com", 
    "__v" : NumberInt(0)
}
{ 
    "_id" : ObjectId("570d42c3e041360e00351687"), 
    "user" : ObjectId("56aa66be44aeb7c61ba42f48"), 
    "date" : ISODate("2016-04-12T18:47:31.898+0000"), 
    "content" : "<p>Hi Carlye,</p><p>I have continued to follow up with the employer, Bradley Landscape Development, Inc. in regards to scheduling an appointment to develop the JD based on EE's usual and customary duties, as well as exploring modified work availability.  Messages have been left for Sonia Rincon, I am awaiting a response.</p><p><br/></p><p>I will continue to follow up with the ER and keep you updated.</p><p><br/></p><p>Thank You</p>\n---\n<p>Maria Aragon</p><p>Return to Work Coordinator</p><p>Ph 760-632-0237 Fax  888-503-3910</p><p>maria@focusonintervention.com</p><p><br/></p>\n<a href=\"http://www.focusonintervention.com/\"><img width=\"300\" title=\"\" alt=\"\" src=\"https://s3-us-west-1.amazonaws.com/production-foi/images-for-emails/logo.jpg\" /></a>\n<a href=\"http://www.focusonintervention.com/form.html\"><img width=\"140\" height=\"39\" title=\"\" alt=\"\" src=\"https://s3-us-west-1.amazonaws.com/production-foi/images-for-emails/unnamed.png\" /></a>  <a href=\"http://www.focusonintervention.com/\"><img width=\"140\" height=\"39\" title=\"\" alt=\"\" src=\"https://s3-us-west-1.amazonaws.com/production-foi/images-for-emails/visit.png\" /></a></a>", 
    "title" : "Nolasco,Roberto/30165371508-Update (4/12/16)", 
    "to" : "carlye.russo@sedgwickcms.com", 
    "__v" : NumberInt(0)
}
{ 
    "_id" : ObjectId("570d49c0e041360e00351689"), 
    "user" : ObjectId("56aa66be44aeb7c61ba42f48"), 
    "date" : ISODate("2016-04-12T19:17:20.518+0000"), 
    "content" : "<p class=\"p1\">Hi Bryan,</p><p class=\"p2\">A JD meeting has been scheduled with Ronelle Wilson at Douglas E. Wilson Plumbing, Inc. (805-963-3454) for EE Shayne Millhollin on 4/13 @2:00 p.m.</p><p class=\"p2\">We will keep you updated.</p><p><br/></p><p><br/></p><p><br/></p>\n---\n<p>Maria Aragon</p><p>Return to Work Coordinator</p><p>Ph 760-632-0237 Fax  888-503-3910</p><p>maria@focusonintervention.com</p><p><br/></p>\n<a href=\"http://www.focusonintervention.com/\"><img width=\"300\" title=\"\" alt=\"\" src=\"https://s3-us-west-1.amazonaws.com/production-foi/images-for-emails/logo.jpg\" /></a>\n<a href=\"http://www.focusonintervention.com/form.html\"><img width=\"140\" height=\"39\" title=\"\" alt=\"\" src=\"https://s3-us-west-1.amazonaws.com/production-foi/images-for-emails/unnamed.png\" /></a>  <a href=\"http://www.focusonintervention.com/\"><img width=\"140\" height=\"39\" title=\"\" alt=\"\" src=\"https://s3-us-west-1.amazonaws.com/production-foi/images-for-emails/visit.png\" /></a></a>", 
    "title" : "Millhollin,Shayne/30165358337-Update (4/12/16)", 
    "bcc" : "maria@focusonintervention.com", 
    "to" : "bryan.horton@sedgwickcms.com", 
    "__v" : NumberInt(0)
}
{ 
    "_id" : ObjectId("570d6ec9e041360e003516b1"), 
    "user" : ObjectId("56aa66be44aeb7c61ba42f48"), 
    "date" : ISODate("2016-04-12T21:55:21.766+0000"), 
    "content" : "<p>Hi Carlye,</p><p>I have continued to follow up with the employer, Bradley Landscape Development, Inc. in regards to scheduling an appointment to develop the JD based on EE's usual and customary duties, as well as exploring modified work availability.  Messages have been left for Sonia Rincon, I am awaiting a response.</p><p><br/></p><p>I will continue to follow up with the ER and keep you updated.</p><p><br/></p><p>Thank You</p>\n---\n<p>Maria Aragon</p><p>Return to Work Coordinator</p><p>Ph 760-632-0237 Fax  888-503-3910</p><p>maria@focusonintervention.com</p><p><br/></p>\n<a href=\"http://www.focusonintervention.com/\"><img width=\"300\" title=\"\" alt=\"\" src=\"https://s3-us-west-1.amazonaws.com/production-foi/images-for-emails/logo.jpg\" /></a>\n<a href=\"http://www.focusonintervention.com/form.html\"><img width=\"140\" height=\"39\" title=\"\" alt=\"\" src=\"https://s3-us-west-1.amazonaws.com/production-foi/images-for-emails/unnamed.png\" /></a>  <a href=\"http://www.focusonintervention.com/\"><img width=\"140\" height=\"39\" title=\"\" alt=\"\" src=\"https://s3-us-west-1.amazonaws.com/production-foi/images-for-emails/visit.png\" /></a></a>\n---\n<p>Maria Aragon</p><p>Return to Work Coordinator</p><p>Ph 760-632-0237 Fax  888-503-3910</p><p>maria@focusonintervention.com</p><p><br/></p>\n<a href=\"http://www.focusonintervention.com/\"><img width=\"300\" title=\"\" alt=\"\" src=\"https://s3-us-west-1.amazonaws.com/production-foi/images-for-emails/logo.jpg\" /></a>\n<a href=\"http://www.focusonintervention.com/form.html\"><img width=\"140\" height=\"39\" title=\"\" alt=\"\" src=\"https://s3-us-west-1.amazonaws.com/production-foi/images-for-emails/unnamed.png\" /></a>  <a href=\"http://www.focusonintervention.com/\"><img width=\"140\" height=\"39\" title=\"\" alt=\"\" src=\"https://s3-us-west-1.amazonaws.com/production-foi/images-for-emails/visit.png\" /></a></a>", 
    "title" : "Nolasco,Roberto/30165371508-Update (4/12/16)", 
    "bcc" : "", 
    "cc" : "", 
    "to" : "maria@focusonintervention.com", 
    "__v" : NumberInt(0)
}
{ 
    "_id" : ObjectId("570ef91e2c76030e00f5ccc3"), 
    "user" : ObjectId("56aa66be44aeb7c61ba42f47"), 
    "date" : ISODate("2016-04-14T01:57:50.291+0000"), 
    "content" : "Hi Cody, \n\nAs you are aware we have been following up with ER Gregory Victor # 323-269-7273 in regards to Transitional work for Mr. Jimenez\n\nGregory advised he would like to await the status of the NOV and will make a determination. The EE’s next OV is 04/01/16\n\nI will continue to follow up and advise\n\n\nJanet Collins\nFocus On Intervention\nReturn to Work Coordinator\n760-632-0237 Phone\n888-503-3910 Fax\njanet@focusonintervention.com\n---\n<p><font color=\"#808080\"></font></p><p class=\"p1\"><span class=\"s2\"><b>Janet Collins</b> <br/></span>Return to Work Coordinator<br/><b>FOCUS ON INTERVENTION<br/></b><span class=\"s2\">Phone: (760)-632-0237 </span>Fax  (760) 632-8037<br/>janet@focusonintervention.com</p><p><br/></p><p><br/></p><p><br/></p><p><br/></p><p><font color=\"#808080\"></font><br/></p>\n<a href=\"http://www.focusonintervention.com/\"><img width=\"300\" title=\"\" alt=\"\" src=\"https://s3-us-west-1.amazonaws.com/production-foi/images-for-emails/logo.jpg\" /></a>\n<a href=\"http://www.focusonintervention.com/form.html\"><img width=\"140\" height=\"39\" title=\"\" alt=\"\" src=\"https://s3-us-west-1.amazonaws.com/production-foi/images-for-emails/unnamed.png\" /></a>  <a href=\"http://www.focusonintervention.com/\"><img width=\"140\" height=\"39\" title=\"\" alt=\"\" src=\"https://s3-us-west-1.amazonaws.com/production-foi/images-for-emails/visit.png\" /></a></a>", 
    "title" : "ER status Phone call - Email Ce to advise", 
    "to" : "foinorth@mac.com", 
    "__v" : NumberInt(0)
}
{ 
    "_id" : ObjectId("570ef96f2c76030e00f5ccc4"), 
    "user" : ObjectId("56aa66be44aeb7c61ba42f47"), 
    "date" : ISODate("2016-04-14T01:59:11.626+0000"), 
    "content" : "Hi Cody, \n\nPer the notes on file Mr. Jimenez was last seen by Dr Cortes on 04/01/16 and given the restriction of no lift over 10 lbs.\n\nI also see you sent an objection letter.\n\nPlease advise if you want us contact the employer regarding mod duty availibility based on the current restriction.\n\nThank you, \n\n\nJanet Collins\nFocus On Intervention\nReturn to Work Coordinator\n760-632-0237 Phone\n888-503-3910 Fax\njanet@focusonintervention.com\n---\n<p><font color=\"#808080\"></font></p><p class=\"p1\"><span class=\"s2\"><b>Janet Collins</b> <br/></span>Return to Work Coordinator<br/><b>FOCUS ON INTERVENTION<br/></b><span class=\"s2\">Phone: (760)-632-0237 </span>Fax  (760) 632-8037<br/>janet@focusonintervention.com</p>\n<a href=\"http://www.focusonintervention.com/\"><img width=\"300\" title=\"\" alt=\"\" src=\"https://s3-us-west-1.amazonaws.com/production-foi/images-for-emails/logo.jpg\" /></a>\n<a href=\"http://www.focusonintervention.com/form.html\"><img width=\"140\" height=\"39\" title=\"\" alt=\"\" src=\"https://s3-us-west-1.amazonaws.com/production-foi/images-for-emails/unnamed.png\" /></a>  <a href=\"http://www.focusonintervention.com/\"><img width=\"140\" height=\"39\" title=\"\" alt=\"\" src=\"https://s3-us-west-1.amazonaws.com/production-foi/images-for-emails/visit.png\" /></a></a>", 
    "title" : "Email CE for clarification on file", 
    "to" : "foinorth@mac.com", 
    "__v" : NumberInt(0)
}
{ 
    "_id" : ObjectId("570ef9b72c76030e00f5ccc5"), 
    "user" : ObjectId("56aa66be44aeb7c61ba42f47"), 
    "date" : ISODate("2016-04-14T02:00:23.609+0000"), 
    "content" : "Hi Cody, \n\nPer the notes on file Mr. Jimenez was last seen by Dr Cortes on 04/01/16 and given the restriction of no lift over 10 lbs.\n\nI also see you sent an objection letter.\n\nPlease advise if you want us contact the employer regarding mod duty availibility based on the current restriction.\n\nThank you, \n\n\nJanet Collins\nFocus On Intervention\nReturn to Work Coordinator\n760-632-0237 Phone\n888-503-3910 Fax\njanet@focusonintervention.com\n---\n<p><font color=\"#808080\"></font></p><p class=\"p1\"><span class=\"s2\"><b>Janet Collins</b> <br/></span>Return to Work Coordinator<br/><b>FOCUS ON INTERVENTION<br/></b><span class=\"s2\">Phone: (760)-632-0237 </span>Fax  (760) 632-8037<br/>janet@focusonintervention.com</p>\n<a href=\"http://www.focusonintervention.com/\"><img width=\"300\" title=\"\" alt=\"\" src=\"https://s3-us-west-1.amazonaws.com/production-foi/images-for-emails/logo.jpg\" /></a>\n<a href=\"http://www.focusonintervention.com/form.html\"><img width=\"140\" height=\"39\" title=\"\" alt=\"\" src=\"https://s3-us-west-1.amazonaws.com/production-foi/images-for-emails/unnamed.png\" /></a>  <a href=\"http://www.focusonintervention.com/\"><img width=\"140\" height=\"39\" title=\"\" alt=\"\" src=\"https://s3-us-west-1.amazonaws.com/production-foi/images-for-emails/visit.png\" /></a></a>", 
    "title" : "Email CE for clarification on file", 
    "to" : "foinorth@mac.com", 
    "__v" : NumberInt(0)
}
{ 
    "_id" : ObjectId("570fdb945c23ab0e00528f9d"), 
    "user" : ObjectId("56aa66be44aeb7c61ba42f48"), 
    "date" : ISODate("2016-04-14T18:04:04.129+0000"), 
    "content" : "<p>Hi Pat/Paul,</p><p>Please add to your diary.  New file</p><p>Per Sedgwick:</p><p><br/></p><p class=\"p1\">The claimant treated with Dr. Tiffany Shay-Alexander on 04/07/2016:  He was instructed to return to work modified duty no repetitive climbing or twisting, no lifting, and no forceful pushing or pulling and to follow-up on Thursday 04/14/2016 at 9:15 am.</p>\n---\n<p>Maria Aragon</p><p>Return to Work Coordinator</p><p>Ph 760-632-0237 Fax  888-503-3910</p><p>maria@focusonintervention.com</p><p><br/></p>\n<a href=\"http://www.focusonintervention.com/\"><img width=\"300\" title=\"\" alt=\"\" src=\"https://s3-us-west-1.amazonaws.com/production-foi/images-for-emails/logo.jpg\" /></a>\n<a href=\"http://www.focusonintervention.com/form.html\"><img width=\"140\" height=\"39\" title=\"\" alt=\"\" src=\"https://s3-us-west-1.amazonaws.com/production-foi/images-for-emails/unnamed.png\" /></a>  <a href=\"http://www.focusonintervention.com/\"><img width=\"140\" height=\"39\" title=\"\" alt=\"\" src=\"https://s3-us-west-1.amazonaws.com/production-foi/images-for-emails/visit.png\" /></a></a>", 
    "title" : "John Apodaca/30165623113-Please add to your diary-MD Status", 
    "to" : "phowland@focusonintervention.com", 
    "__v" : NumberInt(0)
}
{ 
    "_id" : ObjectId("570fe0d95c23ab0e00528fa4"), 
    "user" : ObjectId("56aa66be44aeb7c61ba42f48"), 
    "date" : ISODate("2016-04-14T18:26:33.560+0000"), 
    "content" : "<p>Hi Melissa,</p><p>I proceeded to follow up with the employer, Fineline Woodworking, Inc. in regards to scheduling appointment based on EE's usual and customary duties, as well as exploring modified work availability spoke to John Muller.</p><p><br/></p><p>Per John (ER) employee is back to modified work as of 4/13/16.</p><p><br/></p><p>John (ER) stated he was in the middle of a training and asked that I email him in regards to scheduling appointment to develop the job description and transitional job assignment based on the modified work.</p><p><br/></p><p>I will continue to follow up with the ER and keep you updated.</p>\n---\n<p>Maria Aragon</p><p>Return to Work Coordinator</p><p>Ph 760-632-0237 Fax  888-503-3910</p><p>maria@focusonintervention.com</p><p><br/></p>\n<a href=\"http://www.focusonintervention.com/\"><img width=\"300\" title=\"\" alt=\"\" src=\"https://s3-us-west-1.amazonaws.com/production-foi/images-for-emails/logo.jpg\" /></a>\n<a href=\"http://www.focusonintervention.com/form.html\"><img width=\"140\" height=\"39\" title=\"\" alt=\"\" src=\"https://s3-us-west-1.amazonaws.com/production-foi/images-for-emails/unnamed.png\" /></a>  <a href=\"http://www.focusonintervention.com/\"><img width=\"140\" height=\"39\" title=\"\" alt=\"\" src=\"https://s3-us-west-1.amazonaws.com/production-foi/images-for-emails/visit.png\" /></a></a>", 
    "title" : "Apodaca,John/30165623113-Update/EE Working Modified Work", 
    "bcc" : "maria@focusonintervention.com", 
    "to" : "melissa.gray-hoggard@sedgwickcms.com", 
    "__v" : NumberInt(0)
}
{ 
    "_id" : ObjectId("570fe7f45c23ab0e00528faa"), 
    "user" : ObjectId("56aa66be44aeb7c61ba42f48"), 
    "date" : ISODate("2016-04-14T18:56:52.684+0000"), 
    "content" : "<p>Hi Pat/Paul,</p><p>Please add to your diary.  New file</p><p>Per Sedgwick:</p><p>LOV: 4/8</p><p>NOV: 4/21</p><p>No use of power tools, do not drive company wehicle</p>\n---\n<p>Maria Aragon</p><p>Return to Work Coordinator</p><p>Ph 760-632-0237 Fax  888-503-3910</p><p>maria@focusonintervention.com</p><p><br/></p>\n<a href=\"http://www.focusonintervention.com/\"><img width=\"300\" title=\"\" alt=\"\" src=\"https://s3-us-west-1.amazonaws.com/production-foi/images-for-emails/logo.jpg\" /></a>\n<a href=\"http://www.focusonintervention.com/form.html\"><img width=\"140\" height=\"39\" title=\"\" alt=\"\" src=\"https://s3-us-west-1.amazonaws.com/production-foi/images-for-emails/unnamed.png\" /></a>  <a href=\"http://www.focusonintervention.com/\"><img width=\"140\" height=\"39\" title=\"\" alt=\"\" src=\"https://s3-us-west-1.amazonaws.com/production-foi/images-for-emails/visit.png\" /></a></a>", 
    "title" : "Scott Whitson/30165292841-Please add to your diary-MD Status", 
    "to" : "phowland@focusonintervention.com", 
    "__v" : NumberInt(0)
}
{ 
    "_id" : ObjectId("570fe8b15c23ab0e00528faf"), 
    "user" : ObjectId("56aa66be44aeb7c61ba42f48"), 
    "date" : ISODate("2016-04-14T19:00:01.265+0000"), 
    "content" : "<p>Hi Pat/Paul,</p><p>Please add to your diary.  New file</p><p>Per Sedgwick:</p><p class=\"p1\">LOV 4/5</p><p class=\"p1\">NOV 5/17</p><p class=\"p2\"><span class=\"s1\">WS: </span>4/12/16 10# lift, ground level work. No over shoulder work. Minimal bend, stoop. Maximum 15 minutes walking at one time per hour.</p>\n---\n<p>Maria Aragon</p><p>Return to Work Coordinator</p><p>Ph 760-632-0237 Fax  888-503-3910</p><p>maria@focusonintervention.com</p><p><br/></p>\n<a href=\"http://www.focusonintervention.com/\"><img width=\"300\" title=\"\" alt=\"\" src=\"https://s3-us-west-1.amazonaws.com/production-foi/images-for-emails/logo.jpg\" /></a>\n<a href=\"http://www.focusonintervention.com/form.html\"><img width=\"140\" height=\"39\" title=\"\" alt=\"\" src=\"https://s3-us-west-1.amazonaws.com/production-foi/images-for-emails/unnamed.png\" /></a>  <a href=\"http://www.focusonintervention.com/\"><img width=\"140\" height=\"39\" title=\"\" alt=\"\" src=\"https://s3-us-west-1.amazonaws.com/production-foi/images-for-emails/visit.png\" /></a></a>", 
    "title" : "Luis Leon/30142985153-Please add to your diary-MD Status", 
    "to" : "phowland@focusonintervention.com", 
    "__v" : NumberInt(0)
}
{ 
    "_id" : ObjectId("570fe9c95c23ab0e00528fb2"), 
    "user" : ObjectId("56aa66be44aeb7c61ba42f48"), 
    "date" : ISODate("2016-04-14T19:04:41.165+0000"), 
    "content" : "<p>Hi Pat/Paul,</p><p>Please add to your diary.  New file</p><p>Per Sedgwick:</p><p>LOV: 4/7</p><p>NOV: 4/29</p><p>Mobility knee brace, no walking or standing</p>\n---\n<p>Maria Aragon</p><p>Return to Work Coordinator</p><p>Ph 760-632-0237 Fax  888-503-3910</p><p>maria@focusonintervention.com</p><p><br/></p>\n<a href=\"http://www.focusonintervention.com/\"><img width=\"300\" title=\"\" alt=\"\" src=\"https://s3-us-west-1.amazonaws.com/production-foi/images-for-emails/logo.jpg\" /></a>\n<a href=\"http://www.focusonintervention.com/form.html\"><img width=\"140\" height=\"39\" title=\"\" alt=\"\" src=\"https://s3-us-west-1.amazonaws.com/production-foi/images-for-emails/unnamed.png\" /></a>  <a href=\"http://www.focusonintervention.com/\"><img width=\"140\" height=\"39\" title=\"\" alt=\"\" src=\"https://s3-us-west-1.amazonaws.com/production-foi/images-for-emails/visit.png\" /></a></a>", 
    "title" : "Kathleen Kocharian/30165367540-Please add to your diary-MD Status", 
    "to" : "phowland@focusonintervention.com", 
    "__v" : NumberInt(0)
}
{ 
    "_id" : ObjectId("570fea8e5c23ab0e00528fb5"), 
    "user" : ObjectId("56aa66be44aeb7c61ba42f48"), 
    "date" : ISODate("2016-04-14T19:07:58.950+0000"), 
    "content" : "<p>Hi Pat/Paul,</p><p>Please add to your diary.  New file</p><p>I called Kaiser today.  Please diary for 4/21/16 to follow up again</p><p>EE transferring care to Kaiser no initial visit scheduled yet</p>\n---\n<p>Maria Aragon</p><p>Return to Work Coordinator</p><p>Ph 760-632-0237 Fax  888-503-3910</p><p>maria@focusonintervention.com</p><p><br/></p>\n<a href=\"http://www.focusonintervention.com/\"><img width=\"300\" title=\"\" alt=\"\" src=\"https://s3-us-west-1.amazonaws.com/production-foi/images-for-emails/logo.jpg\" /></a>\n<a href=\"http://www.focusonintervention.com/form.html\"><img width=\"140\" height=\"39\" title=\"\" alt=\"\" src=\"https://s3-us-west-1.amazonaws.com/production-foi/images-for-emails/unnamed.png\" /></a>  <a href=\"http://www.focusonintervention.com/\"><img width=\"140\" height=\"39\" title=\"\" alt=\"\" src=\"https://s3-us-west-1.amazonaws.com/production-foi/images-for-emails/visit.png\" /></a></a>", 
    "title" : "Joyce Smith/30165597741-Please add to your diary-MD Status", 
    "to" : "phowland@focusonintervention.com", 
    "__v" : NumberInt(0)
}
{ 
    "_id" : ObjectId("571006265c23ab0e00528fc8"), 
    "user" : ObjectId("56aa66be44aeb7c61ba42f48"), 
    "date" : ISODate("2016-04-14T21:05:42.949+0000"), 
    "content" : "<p>Hi Mark,</p><p>These are the current work restrictions from Reliant Immediate Care for your injured employee, Maria Romero. </p><p>Please respond as to whether or not there is temporary modified work available at your company that can accommodate these restrictions. </p><p><span>            </span><span>            </span>No repetitive use of the right wrist</p><p><span>            </span><span>            Lift, push or pull up to 10 lbs. with the right wrist</span></p><p><span>            </span><span>            Must use splint support</span></p><p><span>            </span><span>            </span>Date of exam – 4/11/16</p>\n---\n<p>Maria Aragon</p><p>Return to Work Coordinator</p><p>Ph 760-632-0237 Fax  888-503-3910</p><p>maria@focusonintervention.com</p><p><br/></p>\n<a href=\"http://www.focusonintervention.com/\"><img width=\"300\" title=\"\" alt=\"\" src=\"https://s3-us-west-1.amazonaws.com/production-foi/images-for-emails/logo.jpg\" /></a>\n<a href=\"http://www.focusonintervention.com/form.html\"><img width=\"140\" height=\"39\" title=\"\" alt=\"\" src=\"https://s3-us-west-1.amazonaws.com/production-foi/images-for-emails/unnamed.png\" /></a>  <a href=\"http://www.focusonintervention.com/\"><img width=\"140\" height=\"39\" title=\"\" alt=\"\" src=\"https://s3-us-west-1.amazonaws.com/production-foi/images-for-emails/visit.png\" /></a></a>", 
    "title" : "Maria Romero-Important-Please Advise (4/14/16)", 
    "to" : "mark@dragoaircatering.com", 
    "__v" : NumberInt(0)
}
{ 
    "_id" : ObjectId("57100c8e5c23ab0e00528fd0"), 
    "user" : ObjectId("56aa66be44aeb7c61ba42f48"), 
    "date" : ISODate("2016-04-14T21:33:02.220+0000"), 
    "content" : "<p>Hi Joshua,</p><p>I proceeded to follow up with the employer, Alpha Omega Winery spoke to Jeanne Sheber.  Per Jeanne (ER) employee is continuing to work his regular duties no restrictions as of 11/20/15 40 hours per week.</p><p>As you are aware EE was released from care to his full duty no restrictions, no PD per the QME-Dr. Kevin Hanley report dated 3/5/16.</p><p>RTW notices are not required when its determined that EE has no PD.</p><p>Please advise If you would like us to proceed on developing the RTW notices.  We will be gladly to assist.</p>\n---\n<p>Maria Aragon</p><p>Return to Work Coordinator</p><p>Ph 760-632-0237 Fax  888-503-3910</p><p>maria@focusonintervention.com</p><p><br/></p>\n<a href=\"http://www.focusonintervention.com/\"><img width=\"300\" title=\"\" alt=\"\" src=\"https://s3-us-west-1.amazonaws.com/production-foi/images-for-emails/logo.jpg\" /></a>\n<a href=\"http://www.focusonintervention.com/form.html\"><img width=\"140\" height=\"39\" title=\"\" alt=\"\" src=\"https://s3-us-west-1.amazonaws.com/production-foi/images-for-emails/unnamed.png\" /></a>  <a href=\"http://www.focusonintervention.com/\"><img width=\"140\" height=\"39\" title=\"\" alt=\"\" src=\"https://s3-us-west-1.amazonaws.com/production-foi/images-for-emails/visit.png\" /></a></a>", 
    "title" : "Rodriguez,Alvaro/22026524-EE Continuing to Work His U&C/Please Help (4/14/16)", 
    "bcc" : "maria@focusonintervention.com", 
    "cc" : "lramgeetanuniru@bhhc.com", 
    "to" : "jsimms@bhhc.com", 
    "__v" : NumberInt(0)
}
{ 
    "_id" : ObjectId("5711215cb938ab0e00ff31e8"), 
    "user" : ObjectId("56aa66be44aeb7c61ba42f42"), 
    "date" : ISODate("2016-04-15T17:14:04.909+0000"), 
    "content" : "Sent e-mail to Tommy in regards to status of sit to stand unit\n---\n<p><span class=\"s1\"><b><font color=\"#f6911e\">Michelle Gray</font></b></span><span class=\"s2\">, M.S.,C.R.C., A.O.E.S.   Senior Partner<br/></span><b>FOCUS ON INTERVENTION            </b>Phone: (888)-616-9675 or (760)-632-0237 Fax: (760) 632-8037</p><p><br/></p><p><br/></p><p><br/></p><p></p>\n<a href=\"http://www.focusonintervention.com/\"><img width=\"300\" title=\"\" alt=\"\" src=\"https://s3-us-west-1.amazonaws.com/production-foi/images-for-emails/logo.jpg\" /></a>\n<a href=\"http://www.focusonintervention.com/form.html\"><img width=\"140\" height=\"39\" title=\"\" alt=\"\" src=\"https://s3-us-west-1.amazonaws.com/production-foi/images-for-emails/unnamed.png\" /></a>  <a href=\"http://www.focusonintervention.com/\"><img width=\"140\" height=\"39\" title=\"\" alt=\"\" src=\"https://s3-us-west-1.amazonaws.com/production-foi/images-for-emails/visit.png\" /></a></a>\n <div style='font-size:80%'>NOTICE OF CONFIDENTIALITY:  This E-mail is covered by the Electronic Communications\n Privacy Act 18 U.S.C. §§ 2510-2521 and is legally privileged. \n \n The information contained in this transmission is \n confidential and is intended only for the use of the individual or entity named above.  \n If the reader of this message is not the intended recipient, he/she is \n hereby notified that any dissemination, distribution or copying of this \n communication is strictly prohibited.</div>", 
    "title" : "Follow up in regards to sit to stand", 
    "to" : "foinorth@mac.com", 
    "__v" : NumberInt(0)
}
