{ 
    "_id" : ObjectId("568b806d44ae9169c637d5f7"), 
    "name" : "Zip", 
    "type" : "text", 
    "key" : "ZipContact", 
    "category" : "Contact", 
    "required" : false, 
    "order" : NumberInt(11), 
    "sql" : "C_ZIP", 
    "values" : [

    ]
}
{ 
    "_id" : ObjectId("568b806d44ae9169c637d5f8"), 
    "name" : "Phone", 
    "type" : "text", 
    "key" : "PhoneContact", 
    "category" : "Contact", 
    "required" : false, 
    "order" : NumberInt(12), 
    "sql" : "C_PHONE", 
    "values" : [

    ]
}
{ 
    "_id" : ObjectId("568b806d44ae9169c637d5f9"), 
    "name" : "Cell ", 
    "type" : "text", 
    "key" : "CellContact", 
    "category" : "Contact", 
    "required" : false, 
    "order" : NumberInt(16), 
    "sql" : "C_CELL_", 
    "values" : [

    ]
}
{ 
    "_id" : ObjectId("568b806d44ae9169c637d5fa"), 
    "name" : "Claim", 
    "type" : "text", 
    "key" : "ClaimContact", 
    "category" : "Contact", 
    "required" : true, 
    "order" : NumberInt(3), 
    "sql" : "C_CLAIM_", 
    "values" : [

    ]
}
{ 
    "_id" : ObjectId("568b806d44ae9169c637d5fb"), 
    "name" : "SS ", 
    "type" : "text", 
    "key" : "SSContact", 
    "category" : "Contact", 
    "required" : false, 
    "order" : NumberInt(15), 
    "sql" : "C_SS_", 
    "values" : [

    ]
}
{ 
    "_id" : ObjectId("568b806d44ae9169c637d5fc"), 
    "name" : "DOB", 
    "type" : "date", 
    "key" : "DOBContact", 
    "category" : "Contact", 
    "required" : false, 
    "order" : NumberInt(14), 
    "sql" : "C_DOB", 
    "values" : [

    ]
}
{ 
    "_id" : ObjectId("568b806d44ae9169c637d5fe"), 
    "name" : "Injury", 
    "type" : "text", 
    "key" : "InjuryContact", 
    "category" : "Contact", 
    "required" : false, 
    "order" : NumberInt(5), 
    "sql" : "C_INJURY", 
    "values" : [

    ]
}
{ 
    "_id" : ObjectId("568b806d44ae9169c637d5ff"), 
    "name" : "Job Title", 
    "type" : "text", 
    "key" : "JobTitleContact", 
    "category" : "Contact", 
    "required" : true, 
    "order" : NumberInt(6), 
    "sql" : "C_JOB_TITLE", 
    "values" : [

    ]
}
{ 
    "_id" : ObjectId("568b806d44ae9169c637d600"), 
    "name" : "Company Name", 
    "type" : "text", 
    "key" : "CompanyNameEmployer", 
    "category" : "Employer", 
    "required" : false, 
    "order" : NumberInt(0), 
    "sql" : "C_COMPANY_NAME", 
    "values" : [

    ]
}
{ 
    "_id" : ObjectId("568b806d44ae9169c637d601"), 
    "name" : "Contact First Name", 
    "type" : "text", 
    "key" : "ContactFirstNameEmployer", 
    "category" : "Employer", 
    "required" : false, 
    "order" : NumberInt(2), 
    "sql" : "C_HOMEPHONE", 
    "values" : [

    ]
}
{ 
    "_id" : ObjectId("568b806d44ae9169c637d602"), 
    "name" : "Contact Last Name", 
    "type" : "text", 
    "key" : "ContactLastNameEmployer", 
    "category" : "Employer", 
    "required" : false, 
    "order" : NumberInt(3), 
    "sql" : "C_WORKPHONE", 
    "edit" : false, 
    "values" : [

    ]
}
{ 
    "_id" : ObjectId("568b806d44ae9169c637d603"), 
    "name" : "Gender M or F", 
    "type" : "text", 
    "key" : "GenderMorFEmployer", 
    "category" : "Employer", 
    "required" : false, 
    "order" : NumberInt(1), 
    "sql" : "C_GENDER_M_OR_F2", 
    "values" : [

    ]
}
{ 
    "_id" : ObjectId("568b806d44ae9169c637d604"), 
    "name" : "Phone", 
    "type" : "text", 
    "key" : "PhoneEmployer", 
    "category" : "Employer", 
    "required" : false, 
    "order" : NumberInt(8), 
    "sql" : "C_HOMEPHONE", 
    "values" : [

    ]
}
{ 
    "_id" : ObjectId("568b806d44ae9169c637d605"), 
    "name" : "fax", 
    "type" : "text", 
    "key" : "faxEmployer", 
    "category" : "Employer", 
    "required" : false, 
    "order" : NumberInt(9), 
    "sql" : "C_HOMEFAX", 
    "values" : [

    ]
}
{ 
    "_id" : ObjectId("568b806d44ae9169c637d606"), 
    "name" : "email", 
    "type" : "text", 
    "key" : "emailEmployer", 
    "category" : "Employer", 
    "required" : false, 
    "order" : NumberInt(10), 
    "sql" : "C_WORKFAX", 
    "values" : [

    ]
}
{ 
    "_id" : ObjectId("568b806d44ae9169c637d607"), 
    "name" : "Address", 
    "type" : "text", 
    "key" : "AddressEmployer", 
    "category" : "Employer", 
    "required" : false, 
    "order" : NumberInt(4), 
    "sql" : "C_ADDRESS", 
    "values" : [

    ]
}
{ 
    "_id" : ObjectId("568b806d44ae9169c637d608"), 
    "name" : "City", 
    "type" : "text", 
    "key" : "CityEmployer", 
    "category" : "Employer", 
    "required" : false, 
    "order" : NumberInt(5), 
    "sql" : "C_CITY", 
    "values" : [

    ]
}
{ 
    "_id" : ObjectId("568b806d44ae9169c637d609"), 
    "name" : "State", 
    "type" : "text", 
    "key" : "StateEmployer", 
    "category" : "Employer", 
    "required" : false, 
    "order" : NumberInt(6), 
    "sql" : "C_STATE2", 
    "values" : [

    ]
}
{ 
    "_id" : ObjectId("568b806d44ae9169c637d60a"), 
    "name" : "Zip", 
    "type" : "text", 
    "key" : "ZipEmployer", 
    "category" : "Employer", 
    "required" : false, 
    "order" : NumberInt(7), 
    "sql" : "C_ZIP1", 
    "values" : [

    ]
}
{ 
    "_id" : ObjectId("568b806d44ae9169c637d60b"), 
    "name" : "Company Name", 
    "type" : "text", 
    "key" : "CompanyNameClaimsRepresentative", 
    "category" : "Claims Representative", 
    "required" : false, 
    "order" : NumberInt(0), 
    "sql" : "C_COMPANY_NAME2", 
    "values" : [

    ]
}
{ 
    "_id" : ObjectId("568b806d44ae9169c637d60c"), 
    "name" : "First Name", 
    "type" : "text", 
    "key" : "FirstNameClaimsRepresentative", 
    "category" : "Claims Representative", 
    "required" : false, 
    "order" : NumberInt(2), 
    "sql" : "C_ICQ", 
    "values" : [

    ]
}
{ 
    "_id" : ObjectId("568b806d44ae9169c637d60d"), 
    "name" : "Last Name", 
    "type" : "text", 
    "key" : "LastNameClaimsRepresentative", 
    "category" : "Claims Representative", 
    "required" : false, 
    "order" : NumberInt(3), 
    "sql" : "C_MSN", 
    "values" : [

    ]
}
{ 
    "_id" : ObjectId("568b806d44ae9169c637d60e"), 
    "name" : "Gender M or F", 
    "type" : "text", 
    "key" : "GenderMorFClaimsRepresentative", 
    "category" : "Claims Representative", 
    "required" : false, 
    "order" : NumberInt(1), 
    "sql" : "C_GENDER_M_OR_F1", 
    "values" : [

    ]
}
{ 
    "_id" : ObjectId("568b806d44ae9169c637d60f"), 
    "name" : "Phone", 
    "type" : "text", 
    "key" : "PhoneClaimsRepresentative", 
    "category" : "Claims Representative", 
    "required" : false, 
    "order" : NumberInt(10), 
    "sql" : "C_SKYPE", 
    "values" : [

    ]
}
{ 
    "_id" : ObjectId("568b806d44ae9169c637d610"), 
    "name" : "Fax", 
    "type" : "text", 
    "key" : "FaxClaimsRepresentative", 
    "category" : "Claims Representative", 
    "required" : false, 
    "order" : NumberInt(11), 
    "sql" : "C_FAX", 
    "values" : [

    ]
}
{ 
    "_id" : ObjectId("568b806d44ae9169c637d611"), 
    "name" : "email", 
    "type" : "text", 
    "key" : "emailClaimsRepresentative", 
    "category" : "Claims Representative", 
    "required" : false, 
    "order" : NumberInt(12), 
    "sql" : "C_EMAIL", 
    "values" : [

    ]
}
{ 
    "_id" : ObjectId("568b806d44ae9169c637d612"), 
    "name" : "Claims Assistant", 
    "type" : "text", 
    "key" : "ClaimsAssistantClaimsRepresentative", 
    "category" : "Claims Representative", 
    "required" : false, 
    "order" : NumberInt(4), 
    "sql" : "C_CLAIMS_ASSISTANT", 
    "values" : [

    ]
}
{ 
    "_id" : ObjectId("568b806d44ae9169c637d625"), 
    "name" : "Gender M or F", 
    "type" : "text", 
    "key" : "GenderMorFApplicantAtttorney", 
    "category" : "Applicant Atttorney", 
    "required" : false, 
    "order" : NumberInt(1), 
    "sql" : "C_GENDER_M_OR_F", 
    "values" : [

    ]
}
{ 
    "_id" : ObjectId("568b806d44ae9169c637d626"), 
    "name" : "Firm", 
    "type" : "text", 
    "key" : "FirmApplicantAtttorney", 
    "category" : "Applicant Atttorney", 
    "required" : false, 
    "order" : NumberInt(0), 
    "sql" : "C_FIRM1", 
    "values" : [

    ]
}
{ 
    "_id" : ObjectId("568b806d44ae9169c637d627"), 
    "name" : "Address", 
    "type" : "text", 
    "key" : "AddressApplicantAtttorney", 
    "category" : "Applicant Atttorney", 
    "required" : false, 
    "order" : NumberInt(4), 
    "sql" : "C_ADDRESS2", 
    "values" : [

    ]
}
{ 
    "_id" : ObjectId("568b806d44ae9169c637d628"), 
    "name" : "City", 
    "type" : "text", 
    "key" : "CityApplicantAtttorney", 
    "category" : "Applicant Atttorney", 
    "required" : false, 
    "order" : NumberInt(5), 
    "sql" : "C_ADDRESS2", 
    "values" : [

    ]
}
{ 
    "_id" : ObjectId("568b806d44ae9169c637d629"), 
    "name" : "State", 
    "type" : "text", 
    "key" : "StateApplicantAtttorney", 
    "category" : "Applicant Atttorney", 
    "required" : false, 
    "order" : NumberInt(6), 
    "sql" : "C_ADDRESS2", 
    "values" : [

    ]
}
{ 
    "_id" : ObjectId("568b806d44ae9169c637d62a"), 
    "name" : "Zip", 
    "type" : "text", 
    "key" : "ZipApplicantAtttorney", 
    "category" : "Applicant Atttorney", 
    "required" : false, 
    "order" : NumberInt(7), 
    "sql" : "C_ZIP3", 
    "values" : [

    ]
}
{ 
    "_id" : ObjectId("568b806d44ae9169c637d62b"), 
    "name" : "Phone", 
    "type" : "text", 
    "key" : "PhoneApplicantAtttorney", 
    "category" : "Applicant Atttorney", 
    "required" : false, 
    "order" : NumberInt(8), 
    "sql" : "C_PHONE1", 
    "values" : [

    ]
}
{ 
    "_id" : ObjectId("568b806d44ae9169c637d62c"), 
    "name" : "Fax", 
    "type" : "text", 
    "key" : "FaxApplicantAtttorney", 
    "category" : "Applicant Atttorney", 
    "required" : false, 
    "order" : NumberInt(9), 
    "sql" : "C_FAX1", 
    "values" : [

    ]
}
{ 
    "_id" : ObjectId("568b806d44ae9169c637d62d"), 
    "name" : "email", 
    "type" : "text", 
    "key" : "emailApplicantAtttorney", 
    "category" : "Applicant Atttorney", 
    "required" : false, 
    "order" : NumberInt(10), 
    "sql" : "C_EMAIL2", 
    "values" : [

    ]
}
{ 
    "_id" : ObjectId("568b806d44ae9169c637d62e"), 
    "name" : "First Name", 
    "type" : "text", 
    "key" : "FirstNameDefenseAttorney", 
    "category" : "Defense Attorney", 
    "required" : false, 
    "order" : NumberInt(2), 
    "sql" : "C_FIRST_NAME2", 
    "values" : [

    ]
}
{ 
    "_id" : ObjectId("568b806d44ae9169c637d62f"), 
    "name" : "Last Name", 
    "type" : "text", 
    "key" : "LastNameDefenseAttorney", 
    "category" : "Defense Attorney", 
    "required" : false, 
    "order" : NumberInt(3), 
    "sql" : "C_LAST_NAME2", 
    "values" : [

    ]
}
{ 
    "_id" : ObjectId("568b806d44ae9169c637d630"), 
    "name" : "Gender M or F", 
    "type" : "text", 
    "key" : "GenderDefenseAttorney", 
    "category" : "Defense Attorney", 
    "required" : false, 
    "order" : NumberInt(1), 
    "sql" : "C_GENDERM_OR_F", 
    "values" : [

    ]
}
{ 
    "_id" : ObjectId("568b806d44ae9169c637d631"), 
    "name" : "Firm", 
    "type" : "text", 
    "key" : "FirmDefenseAttorney", 
    "category" : "Defense Attorney", 
    "required" : false, 
    "order" : NumberInt(0), 
    "sql" : "C_FIRM2", 
    "values" : [

    ]
}
{ 
    "_id" : ObjectId("568b806d44ae9169c637d632"), 
    "name" : "Street address", 
    "type" : "text", 
    "key" : "StreetaddressDefenseAttorney", 
    "category" : "Defense Attorney", 
    "required" : false, 
    "order" : NumberInt(4), 
    "sql" : "C_WORKSTREET", 
    "values" : [

    ]
}
{ 
    "_id" : ObjectId("568b806d44ae9169c637d633"), 
    "name" : "City", 
    "type" : "text", 
    "key" : "CityDefenseAttorney", 
    "category" : "Defense Attorney", 
    "required" : false, 
    "order" : NumberInt(5), 
    "sql" : "C_WORKCITY", 
    "values" : [

    ]
}
{ 
    "_id" : ObjectId("568b806d44ae9169c637d634"), 
    "name" : "State", 
    "type" : "text", 
    "key" : "StateDefenseAttorney", 
    "category" : "Defense Attorney", 
    "required" : false, 
    "order" : NumberInt(6), 
    "sql" : "C_WORKSTATE", 
    "values" : [

    ]
}
{ 
    "_id" : ObjectId("568b806d44ae9169c637d635"), 
    "name" : "Zip", 
    "type" : "text", 
    "key" : "ZipDefenseAttorney", 
    "category" : "Defense Attorney", 
    "required" : false, 
    "order" : NumberInt(7), 
    "sql" : "C_WORKPOSTALCODE", 
    "values" : [

    ]
}
{ 
    "_id" : ObjectId("568b806d44ae9169c637d636"), 
    "name" : "Phone", 
    "type" : "text", 
    "key" : "PhoneDefenseAttorney", 
    "category" : "Defense Attorney", 
    "required" : false, 
    "order" : NumberInt(8), 
    "sql" : "C_WORKCOUNTRY", 
    "values" : [

    ]
}
{ 
    "_id" : ObjectId("568b806d44ae9169c637d645"), 
    "name" : "Date Closed", 
    "type" : "date", 
    "key" : "DateClosedFocusInformation", 
    "category" : "Focus Information", 
    "required" : false, 
    "order" : NumberInt(6), 
    "sql" : "C_DATE_CLOSED", 
    "values" : [

    ]
}
{ 
    "_id" : ObjectId("568b806d44ae9169c637d646"), 
    "name" : "Estimated case value", 
    "type" : "text", 
    "key" : "EstimatedcasevalueFocusInformation", 
    "category" : "Focus Information", 
    "required" : false, 
    "order" : NumberInt(11), 
    "sql" : "C_ESTIMATED_CASE_VALUE", 
    "values" : [

    ]
}
{ 
    "_id" : ObjectId("568b806d44ae9169c637d613"), 
    "name" : "Claims Assistant email", 
    "type" : "text", 
    "key" : "ClaimsAssistantemailClaimsRepresentative", 
    "category" : "Claims Representative", 
    "required" : false, 
    "order" : NumberInt(5), 
    "sql" : "C_EMAIL", 
    "values" : [

    ]
}
{ 
    "_id" : ObjectId("568b806d44ae9169c637d614"), 
    "name" : "Address", 
    "type" : "text", 
    "key" : "AddressClaimsRepresentative", 
    "category" : "Claims Representative", 
    "required" : false, 
    "order" : NumberInt(6), 
    "sql" : "C_ADDRESS1", 
    "values" : [

    ]
}
{ 
    "_id" : ObjectId("568b806d44ae9169c637d615"), 
    "name" : "City", 
    "type" : "text", 
    "key" : "CityClaimsRepresentative", 
    "category" : "Claims Representative", 
    "required" : false, 
    "order" : NumberInt(7), 
    "sql" : "C_CITY1", 
    "values" : [

    ]
}
{ 
    "_id" : ObjectId("568b806d44ae9169c637d616"), 
    "name" : "State", 
    "type" : "text", 
    "key" : "StateClaimsRepresentative", 
    "category" : "Claims Representative", 
    "required" : false, 
    "order" : NumberInt(8), 
    "sql" : "C_STATE3", 
    "values" : [

    ]
}
{ 
    "_id" : ObjectId("568b806d44ae9169c637d617"), 
    "name" : "Zip", 
    "type" : "text", 
    "key" : "ZipClaimsRepresentative", 
    "category" : "Claims Representative", 
    "required" : false, 
    "order" : NumberInt(9), 
    "sql" : "C_ZIP2", 
    "values" : [

    ]
}
{ 
    "_id" : ObjectId("568b806d44ae9169c637d618"), 
    "name" : "First Name", 
    "type" : "text", 
    "key" : "FirstNameTreatingPhysician", 
    "category" : "Treating Physician", 
    "required" : false, 
    "order" : NumberInt(2), 
    "sql" : "C_FIRST_NAME", 
    "values" : [

    ]
}
{ 
    "_id" : ObjectId("568b806d44ae9169c637d619"), 
    "name" : "Last name", 
    "type" : "text", 
    "key" : "LastnameTreatingPhysician", 
    "category" : "Treating Physician", 
    "required" : false, 
    "order" : NumberInt(3), 
    "sql" : "C_LAST_NAME", 
    "values" : [

    ]
}
{ 
    "_id" : ObjectId("568b806d44ae9169c637d61a"), 
    "name" : "Dr. Type", 
    "type" : "text", 
    "key" : "DrTypeTreatingPhysician", 
    "category" : "Treating Physician", 
    "required" : false, 
    "order" : NumberInt(1), 
    "sql" : "C_DR_TYPE", 
    "values" : [

    ]
}
{ 
    "_id" : ObjectId("568b806d44ae9169c637d61b"), 
    "name" : "Firm", 
    "type" : "text", 
    "key" : "FirmTreatingPhysician", 
    "category" : "Treating Physician", 
    "required" : false, 
    "order" : NumberInt(0), 
    "sql" : "C_FIRM", 
    "values" : [

    ]
}
{ 
    "_id" : ObjectId("568b806d44ae9169c637d61c"), 
    "name" : "Street address", 
    "type" : "text", 
    "key" : "StreetaddressTreatingPhysician", 
    "category" : "Treating Physician", 
    "required" : false, 
    "order" : NumberInt(5), 
    "sql" : "C_HOMESTREET", 
    "values" : [

    ]
}
{ 
    "_id" : ObjectId("568b806d44ae9169c637d61d"), 
    "name" : "City", 
    "type" : "text", 
    "key" : "CityTreatingPhysician", 
    "category" : "Treating Physician", 
    "required" : false, 
    "order" : NumberInt(6), 
    "sql" : "C_HOMECITY", 
    "values" : [

    ]
}
{ 
    "_id" : ObjectId("568b806d44ae9169c637d61e"), 
    "name" : "State", 
    "type" : "text", 
    "key" : "StateTreatingPhysician", 
    "category" : "Treating Physician", 
    "required" : false, 
    "order" : NumberInt(7), 
    "sql" : "C_STATE", 
    "values" : [

    ]
}
{ 
    "_id" : ObjectId("568b806d44ae9169c637d61f"), 
    "name" : "Zip", 
    "type" : "text", 
    "key" : "ZipTreatingPhysician", 
    "category" : "Treating Physician", 
    "required" : false, 
    "order" : NumberInt(8), 
    "sql" : "C_HOMESTATE", 
    "values" : [

    ]
}
{ 
    "_id" : ObjectId("568b806d44ae9169c637d620"), 
    "name" : "Phone", 
    "type" : "text", 
    "key" : "PhoneTreatingPhysician", 
    "category" : "Treating Physician", 
    "required" : false, 
    "order" : NumberInt(9), 
    "sql" : "C_HOMEPOSTALCODE", 
    "values" : [

    ]
}
{ 
    "_id" : ObjectId("568b806d44ae9169c637d621"), 
    "name" : "Fax", 
    "type" : "text", 
    "key" : "FaxTreatingPhysician", 
    "category" : "Treating Physician", 
    "required" : false, 
    "order" : NumberInt(10), 
    "sql" : "C_HOMECOUNTRY", 
    "values" : [

    ]
}
{ 
    "_id" : ObjectId("568b806d44ae9169c637d622"), 
    "name" : "Medical Record ", 
    "type" : "text", 
    "key" : "MedicalRecordTreatingPhysician", 
    "category" : "Treating Physician", 
    "required" : false, 
    "order" : NumberInt(4), 
    "sql" : "C_EMAIL1", 
    "values" : [

    ]
}
{ 
    "_id" : ObjectId("568b806d44ae9169c637d623"), 
    "name" : "First Name", 
    "type" : "text", 
    "key" : "FirstNameApplicantAtttorney", 
    "category" : "Applicant Atttorney", 
    "required" : false, 
    "order" : NumberInt(2), 
    "sql" : "C_FIRST_NAME1", 
    "values" : [

    ]
}
{ 
    "_id" : ObjectId("568b806d44ae9169c637d624"), 
    "name" : "Last Name", 
    "type" : "text", 
    "key" : "LastNameApplicantAtttorney", 
    "category" : "Applicant Atttorney", 
    "required" : false, 
    "order" : NumberInt(3), 
    "sql" : "C_LAST_NAME1", 
    "values" : [

    ]
}
{ 
    "_id" : ObjectId("568b806d44ae9169c637d637"), 
    "name" : "Fax", 
    "type" : "text", 
    "key" : "FaxDefenseAttorney", 
    "category" : "Defense Attorney", 
    "required" : false, 
    "order" : NumberInt(9), 
    "sql" : "C_WORKCOUNTRY", 
    "values" : [

    ]
}
{ 
    "_id" : ObjectId("568b806d44ae9169c637d638"), 
    "name" : "email", 
    "type" : "text", 
    "key" : "emailDefenseAttorney", 
    "category" : "Defense Attorney", 
    "required" : false, 
    "order" : NumberInt(10), 
    "sql" : "C_EMAIL3", 
    "values" : [

    ]
}
{ 
    "_id" : ObjectId("568b806d44ae9169c637d63c"), 
    "name" : "Date of referral", 
    "type" : "date", 
    "key" : "DateofreferralFocusInformation", 
    "category" : "Focus Information", 
    "required" : false, 
    "order" : NumberInt(0), 
    "sql" : "C_DATE_RECEIVED", 
    "values" : [

    ]
}
{ 
    "_id" : ObjectId("568b806d44ae9169c637d63d"), 
    "name" : "Date assigned", 
    "type" : "date", 
    "key" : "DateassignedFocusInformation", 
    "category" : "Focus Information", 
    "required" : false, 
    "order" : NumberInt(1), 
    "sql" : "C_DATE_ASSIGNED", 
    "values" : [

    ]
}
{ 
    "_id" : ObjectId("568b806d44ae9169c637d63e"), 
    "name" : "Date of Reopen", 
    "type" : "date", 
    "key" : "DateofReopenFocusInformation", 
    "category" : "Focus Information", 
    "required" : false, 
    "order" : NumberInt(9), 
    "sql" : "C_DATE_OF_REOPEN", 
    "values" : [

    ]
}
{ 
    "_id" : ObjectId("568b806d44ae9169c637d63f"), 
    "name" : "Reopen Service Request", 
    "type" : "text", 
    "key" : "ReopenServiceRequestFocusInformation", 
    "category" : "Focus Information", 
    "required" : false, 
    "order" : NumberInt(10), 
    "sql" : "C_REOPEN_SERVICE_REQUEST", 
    "values" : [

    ]
}
{ 
    "_id" : ObjectId("568b806d44ae9169c637d640"), 
    "name" : "Additional Information", 
    "type" : "text", 
    "key" : "AdditionalInformationFocusInformation", 
    "category" : "Focus Information", 
    "required" : false, 
    "order" : NumberInt(12), 
    "sql" : "C_ADDITIONAL_INFORMATION", 
    "values" : [

    ]
}
{ 
    "_id" : ObjectId("568b806d44ae9169c637d641"), 
    "name" : "Date Cancelled", 
    "type" : "date", 
    "key" : "DateCancelledFocusInformation", 
    "category" : "Focus Information", 
    "required" : false, 
    "order" : NumberInt(7), 
    "sql" : "C_DATE_CLOSED", 
    "values" : [

    ]
}
{ 
    "_id" : ObjectId("568b806d44ae9169c637d642"), 
    "name" : "Reason for cancellation", 
    "type" : "text", 
    "key" : "ReasonforcancellationFocusInformation", 
    "category" : "Focus Information", 
    "required" : false, 
    "order" : NumberInt(8), 
    "sql" : "C_REASON_FOR_CANCELLATION", 
    "values" : [

    ]
}
{ 
    "_id" : ObjectId("568b806d44ae9169c637d5ef"), 
    "name" : "First name", 
    "type" : "text", 
    "key" : "FirstnameContact", 
    "category" : "Contact", 
    "required" : true, 
    "order" : NumberInt(1), 
    "sql" : "C_FIRSTNAME", 
    "values" : [

    ]
}
{ 
    "_id" : ObjectId("568b806d44ae9169c637d5f0"), 
    "name" : "Last Name", 
    "type" : "text", 
    "key" : "LastnameContact", 
    "category" : "Contact", 
    "required" : true, 
    "order" : NumberInt(2), 
    "sql" : "C_LASTNAME", 
    "values" : [

    ]
}
{ 
    "_id" : ObjectId("568b806d44ae9169c637d5f1"), 
    "name" : "Gender M or F", 
    "type" : "dropdown", 
    "key" : "TitleContact", 
    "category" : "Contact", 
    "required" : true, 
    "order" : NumberInt(0), 
    "sql" : "C_TITLE", 
    "values" : [
        "Male", 
        "Female"
    ]
}
{ 
    "_id" : ObjectId("568b806d44ae9169c637d5f3"), 
    "name" : "Email", 
    "type" : "text", 
    "key" : "EmailContact", 
    "category" : "Contact", 
    "required" : false, 
    "order" : NumberInt(13), 
    "sql" : "C_EMAILADDRESS", 
    "values" : [

    ]
}
{ 
    "_id" : ObjectId("568b806d44ae9169c637d5f4"), 
    "name" : "Address", 
    "type" : "text", 
    "key" : "AddressContact", 
    "category" : "Contact", 
    "required" : false, 
    "order" : NumberInt(10), 
    "sql" : "C_PH_NUMBER", 
    "values" : [

    ]
}
{ 
    "_id" : ObjectId("568b806d44ae9169c637d5f5"), 
    "name" : "City", 
    "type" : "text", 
    "key" : "CityContact", 
    "category" : "Contact", 
    "required" : false, 
    "order" : NumberInt(8), 
    "sql" : "C_WORK_PHONE", 
    "values" : [

    ]
}
{ 
    "_id" : ObjectId("568b806d44ae9169c637d5f6"), 
    "name" : "State", 
    "type" : "text", 
    "key" : "StateContact", 
    "category" : "Contact", 
    "required" : false, 
    "order" : NumberInt(9), 
    "sql" : "C_STATE1", 
    "values" : [

    ]
}
{ 
    "_id" : ObjectId("56a8399844aedfc1a1636292"), 
    "name" : "DOI", 
    "type" : "date", 
    "key" : "DOIContact", 
    "category" : "Contact", 
    "required" : false, 
    "order" : NumberInt(4), 
    "sql" : "C_DOI", 
    "values" : [

    ]
}
{ 
    "_id" : ObjectId("56de099058ac2c0e007d3cd3"), 
    "category" : "Contact", 
    "required" : false, 
    "order" : NumberInt(7), 
    "type" : "dropdown", 
    "name" : "English Speaking", 
    "__v" : NumberInt(0), 
    "values" : [
        "yes", 
        "no"
    ], 
    "key" : "SpeakingEnglishContact"
}
{ 
    "_id" : ObjectId("568b806d44ae9169c637d63a"), 
    "name" : "Additional Service Request", 
    "type" : "text", 
    "key" : "AdditionalServiceRequestServiceRequested", 
    "category" : "Service Requested", 
    "required" : false, 
    "order" : NumberInt(1), 
    "sql" : "C_OTHERINFO", 
    "values" : [

    ]
}
{ 
    "_id" : ObjectId("568b806d44ae9169c637d643"), 
    "name" : "North or Central or Statewide", 
    "type" : "dropdown", 
    "key" : "NorthorCentralorStatewideFocusInformation", 
    "category" : "Focus Information", 
    "required" : false, 
    "order" : NumberInt(2), 
    "sql" : "C_NORTH_OR_CENTRAL", 
    "values" : [
        "North", 
        "Central", 
        "Statewide"
    ]
}
{ 
    "_id" : ObjectId("568b806d44ae9169c637d639"), 
    "name" : "Service Requested", 
    "type" : "dropdown", 
    "key" : "ServiceRequestedServiceRequested", 
    "category" : "Service Requested", 
    "required" : false, 
    "order" : NumberInt(0), 
    "sql" : "C_COMPANY_NAME1", 
    "values" : [
        "ERTW", 
        "Ergonomic Evaluation", 
        "Perm. Mod/Alt.", 
        "JA", 
        "Ergonomic Re-Evaluaton", 
        "JD"
    ]
}
{ 
    "_id" : ObjectId("5707ff4b4b4a110e00cc7894"), 
    "category" : "Focus Information", 
    "key" : "TDDailyrateFocus Information", 
    "values" : [

    ], 
    "required" : false, 
    "order" : NumberInt(3), 
    "type" : "text", 
    "name" : "TD Daily rate", 
    "__v" : NumberInt(0)
}
{ 
    "_id" : ObjectId("5707ff704b4a110e00cc7895"), 
    "category" : "Focus Information", 
    "key" : "RTW(trans)Focus Information", 
    "values" : [

    ], 
    "required" : false, 
    "order" : NumberInt(4), 
    "type" : "date", 
    "name" : "RTW (trans)", 
    "__v" : NumberInt(0)
}
{ 
    "_id" : ObjectId("5707ffc54b4a110e00cc7896"), 
    "category" : "Focus Information", 
    "key" : "RTW(reg/perm)Focus Information", 
    "values" : [

    ], 
    "required" : false, 
    "order" : NumberInt(5), 
    "type" : "date", 
    "name" : "RTW (reg/perm)", 
    "__v" : NumberInt(0)
}
