{ 
    "_id" : ObjectId("56f564bedb0dbe0e004bb30f"), 
    "_case" : ObjectId("56f042a8f9581a111152b47b"), 
    "creator" : ObjectId("56aa66be44aeb7c61ba42f47"), 
    "status" : "close", 
    "id" : "56f564bedb0dbe0e004bb30e", 
    "date" : ISODate("2016-04-16T12:00:00.000+0000"), 
    "__v" : NumberInt(0)
}
{ 
    "_id" : ObjectId("56f96f995058d72000d47995"), 
    "_case" : ObjectId("56f04286f9581a111152b14b"), 
    "creator" : ObjectId("56aa66be44aeb7c61ba42f42"), 
    "status" : "open", 
    "id" : "56f96f995058d72000d47994", 
    "date" : ISODate("2016-04-16T12:00:00.000+0000"), 
    "__v" : NumberInt(0)
}
{ 
    "_id" : ObjectId("56f9c7e0a3ae7e290003e2f2"), 
    "_case" : ObjectId("56f04198f9581a1111529b58"), 
    "creator" : ObjectId("56aa66be44aeb7c61ba42f42"), 
    "status" : "open", 
    "id" : "56f9c7e0a3ae7e290003e2f1", 
    "date" : ISODate("2016-04-16T12:00:00.000+0000"), 
    "__v" : NumberInt(0)
}
{ 
    "_id" : ObjectId("56fad61281d26c0e003a3df9"), 
    "_case" : ObjectId("56f04150f9581a111152948f"), 
    "creator" : ObjectId("56aa66be44aeb7c61ba42f42"), 
    "status" : "open", 
    "id" : "56fad61281d26c0e003a3df8", 
    "date" : ISODate("2016-04-16T12:00:00.000+0000"), 
    "__v" : NumberInt(0)
}
{ 
    "_id" : ObjectId("56fd55c8684980290052e65a"), 
    "_case" : ObjectId("56f04185f9581a1111529982"), 
    "creator" : ObjectId("56aa66be44aeb7c61ba42f4d"), 
    "status" : "open", 
    "id" : "56fd55c8684980290052e659", 
    "date" : ISODate("2016-04-16T12:00:00.000+0000"), 
    "__v" : NumberInt(0)
}
{ 
    "_id" : ObjectId("56fd55fec823723200c02095"), 
    "_case" : ObjectId("56f04185f9581a1111529982"), 
    "creator" : ObjectId("56aa66be44aeb7c61ba42f4d"), 
    "status" : "open", 
    "id" : "56fd55fec823723200c02094", 
    "date" : ISODate("2016-04-16T12:00:00.000+0000"), 
    "__v" : NumberInt(0)
}
{ 
    "_id" : ObjectId("56fd591ae17dfe0e00b674fa"), 
    "_case" : ObjectId("56f042a4f9581a111152b417"), 
    "creator" : ObjectId("56aa66be44aeb7c61ba42f4d"), 
    "status" : "open", 
    "id" : "56fd591ae17dfe0e00b674f9", 
    "date" : ISODate("2016-04-16T12:00:00.000+0000"), 
    "__v" : NumberInt(0)
}
{ 
    "_id" : ObjectId("56fd5a5b33d18717009c30eb"), 
    "_case" : ObjectId("56f04150f9581a111152948f"), 
    "creator" : ObjectId("56aa63bca971d57c2b28d0bf"), 
    "status" : "open", 
    "id" : "56fd5a5b33d18717009c30ea", 
    "date" : ISODate("2016-04-16T12:00:00.000+0000"), 
    "__v" : NumberInt(0)
}
{ 
    "_id" : ObjectId("56fd5fe50d1d4a2000d8e78e"), 
    "_case" : ObjectId("56f0427ef9581a111152b08d"), 
    "creator" : ObjectId("56aa66be44aeb7c61ba42f4d"), 
    "status" : "open", 
    "id" : "56fd5fe50d1d4a2000d8e78d", 
    "date" : ISODate("2016-04-16T12:00:00.000+0000"), 
    "__v" : NumberInt(0)
}
{ 
    "_id" : ObjectId("56fd6c1d924b092900b0a355"), 
    "_case" : ObjectId("56f042aaf9581a111152b4ac"), 
    "creator" : ObjectId("56aa66be44aeb7c61ba42f4d"), 
    "status" : "open", 
    "id" : "56fd6c1d924b092900b0a354", 
    "date" : ISODate("2016-04-16T12:00:00.000+0000"), 
    "__v" : NumberInt(0)
}
{ 
    "_id" : ObjectId("56fdadab3513201700fd269a"), 
    "_case" : ObjectId("56f04241f9581a111152aaf4"), 
    "creator" : ObjectId("56aa66be44aeb7c61ba42f4d"), 
    "status" : "open", 
    "id" : "56fdadab3513201700fd2699", 
    "date" : ISODate("2016-04-25T12:00:00.000+0000"), 
    "__v" : NumberInt(0)
}
{ 
    "_id" : ObjectId("56fdaf0f3e4ca22000c3e2d5"), 
    "_case" : ObjectId("56f0425bf9581a111152ad5c"), 
    "creator" : ObjectId("56aa66be44aeb7c61ba42f4d"), 
    "status" : "open", 
    "id" : "56fdaf0f3e4ca22000c3e2d4", 
    "date" : ISODate("2016-04-16T12:00:00.000+0000"), 
    "__v" : NumberInt(0)
}
{ 
    "_id" : ObjectId("56fdf0f20398b2290060e37c"), 
    "_case" : ObjectId("56f04150f9581a111152949b"), 
    "creator" : ObjectId("56aa63bca971d57c2b28d0bf"), 
    "status" : "open", 
    "id" : "56fdf0f20398b2290060e37b", 
    "date" : ISODate("2016-04-16T12:00:00.000+0000"), 
    "__v" : NumberInt(0)
}
{ 
    "_id" : ObjectId("56fe9d0c19ad2e0e005f07c5"), 
    "_case" : ObjectId("56f042a6f9581a111152b442"), 
    "creator" : ObjectId("56aa66be44aeb7c61ba42f4d"), 
    "status" : "open", 
    "id" : "56fe9d0c19ad2e0e005f07c4", 
    "date" : ISODate("2016-04-16T12:00:00.000+0000"), 
    "__v" : NumberInt(0)
}
{ 
    "_id" : ObjectId("56fe9e7ea04863170095d702"), 
    "_case" : ObjectId("56f04297f9581a111152b2e2"), 
    "creator" : ObjectId("56aa66be44aeb7c61ba42f4d"), 
    "status" : "open", 
    "id" : "56fe9e7ea04863170095d701", 
    "date" : ISODate("2016-04-19T12:00:00.000+0000"), 
    "__v" : NumberInt(0)
}
{ 
    "_id" : ObjectId("56fea1eec341cb200053b7e9"), 
    "_case" : ObjectId("56f042a7f9581a111152b462"), 
    "creator" : ObjectId("56aa66be44aeb7c61ba42f4d"), 
    "status" : "open", 
    "id" : "56fea1eec341cb200053b7e8", 
    "date" : ISODate("2016-04-18T12:00:00.000+0000"), 
    "__v" : NumberInt(0)
}
{ 
    "_id" : ObjectId("56fea3ab2667552900072b6d"), 
    "_case" : ObjectId("56f04251f9581a111152ac72"), 
    "creator" : ObjectId("56aa66be44aeb7c61ba42f4d"), 
    "status" : "open", 
    "id" : "56fea3ab2667552900072b6c", 
    "date" : ISODate("2016-04-29T12:00:00.000+0000"), 
    "__v" : NumberInt(0)
}
{ 
    "_id" : ObjectId("56feaf247152a80e00c3867f"), 
    "_case" : ObjectId("56f04282f9581a111152b0f4"), 
    "creator" : ObjectId("56aa66be44aeb7c61ba42f4d"), 
    "status" : "open", 
    "id" : "56feaf247152a80e00c3867e", 
    "date" : ISODate("2016-04-16T12:00:00.000+0000"), 
    "__v" : NumberInt(0)
}
{ 
    "_id" : ObjectId("56feb3105dda900e00dc5a5d"), 
    "_case" : ObjectId("56f04267f9581a111152ae8c"), 
    "creator" : ObjectId("56aa66be44aeb7c61ba42f4d"), 
    "status" : "open", 
    "id" : "56feb3105dda900e00dc5a5c", 
    "date" : ISODate("2016-04-29T12:00:00.000+0000"), 
    "__v" : NumberInt(0)
}
{ 
    "_id" : ObjectId("56feb74368e11d170085a30d"), 
    "_case" : ObjectId("56f0427ff9581a111152b0a5"), 
    "creator" : ObjectId("56aa66be44aeb7c61ba42f4d"), 
    "status" : "open", 
    "id" : "56feb74368e11d170085a30c", 
    "date" : ISODate("2016-04-16T12:00:00.000+0000"), 
    "__v" : NumberInt(0)
}
{ 
    "_id" : ObjectId("56fec2c846d6190e00a1b6f4"), 
    "_case" : ObjectId("56f04268f9581a111152ae98"), 
    "creator" : ObjectId("56aa66be44aeb7c61ba42f4d"), 
    "status" : "open", 
    "id" : "56fec2c846d6190e00a1b6f3", 
    "date" : ISODate("2016-04-16T12:00:00.000+0000"), 
    "__v" : NumberInt(0)
}
{ 
    "_id" : ObjectId("56fec448c429c21700ddb4b1"), 
    "_case" : ObjectId("56f042aaf9581a111152b49b"), 
    "creator" : ObjectId("56aa66be44aeb7c61ba42f4d"), 
    "status" : "open", 
    "id" : "56fec448c429c21700ddb4b0", 
    "date" : ISODate("2016-04-16T12:00:00.000+0000"), 
    "__v" : NumberInt(0)
}
{ 
    "_id" : ObjectId("56fee085c559912000d745a3"), 
    "_case" : ObjectId("56f042a9f9581a111152b47f"), 
    "creator" : ObjectId("56aa66be44aeb7c61ba42f4d"), 
    "status" : "open", 
    "id" : "56fee085c559912000d745a2", 
    "date" : ISODate("2016-04-16T12:00:00.000+0000"), 
    "__v" : NumberInt(0)
}
{ 
    "_id" : ObjectId("56fee16273b356290072213f"), 
    "_case" : ObjectId("56f9aae4a3ae7e290003e2f0"), 
    "creator" : ObjectId("56aa66be44aeb7c61ba42f4d"), 
    "status" : "open", 
    "id" : "56fee16273b356290072213e", 
    "date" : ISODate("2016-04-16T12:00:00.000+0000"), 
    "__v" : NumberInt(0)
}
{ 
    "_id" : ObjectId("56fee6f91984153200749eac"), 
    "_case" : ObjectId("56f042a8f9581a111152b468"), 
    "creator" : ObjectId("56aa66be44aeb7c61ba42f4d"), 
    "status" : "open", 
    "id" : "56fee6f91984153200749eab", 
    "date" : ISODate("2016-04-16T12:00:00.000+0000"), 
    "__v" : NumberInt(0)
}
{ 
    "_id" : ObjectId("56feee9cb25adc0e00736ca8"), 
    "_case" : ObjectId("56f04198f9581a1111529b58"), 
    "creator" : ObjectId("56aa66be44aeb7c61ba42f42"), 
    "status" : "open", 
    "id" : "56feee9cb25adc0e00736ca7", 
    "date" : ISODate("2016-04-16T12:00:00.000+0000"), 
    "__v" : NumberInt(0)
}
{ 
    "_id" : ObjectId("56feefa517060f170046a31b"), 
    "_case" : ObjectId("56f04266f9581a111152ae5d"), 
    "creator" : ObjectId("56aa66be44aeb7c61ba42f4d"), 
    "status" : "open", 
    "id" : "56feefa517060f170046a31a", 
    "date" : ISODate("2016-04-27T12:00:00.000+0000"), 
    "__v" : NumberInt(0)
}
{ 
    "_id" : ObjectId("56fef2f353943d2000ef69b9"), 
    "_case" : ObjectId("56f04282f9581a111152b0fb"), 
    "creator" : ObjectId("56aa66be44aeb7c61ba42f4d"), 
    "status" : "open", 
    "id" : "56fef2f353943d2000ef69b8", 
    "date" : ISODate("2016-04-26T12:00:00.000+0000"), 
    "__v" : NumberInt(0)
}
{ 
    "_id" : ObjectId("56fefbb212dd1e2900e1f574"), 
    "_case" : ObjectId("56f04288f9581a111152b17f"), 
    "creator" : ObjectId("56aa66be44aeb7c61ba42f4d"), 
    "status" : "open", 
    "id" : "56fefbb212dd1e2900e1f573", 
    "date" : ISODate("2016-04-16T12:00:00.000+0000"), 
    "__v" : NumberInt(0)
}
{ 
    "_id" : ObjectId("56fefe992c389d3200e3de69"), 
    "_case" : ObjectId("56f042a7f9581a111152b44e"), 
    "creator" : ObjectId("56aa66be44aeb7c61ba42f4d"), 
    "status" : "open", 
    "id" : "56fefe992c389d3200e3de68", 
    "date" : ISODate("2016-04-16T12:00:00.000+0000"), 
    "__v" : NumberInt(0)
}
{ 
    "_id" : ObjectId("56ff02f7cfe5640e001c9059"), 
    "_case" : ObjectId("56f04285f9581a111152b141"), 
    "creator" : ObjectId("56aa66be44aeb7c61ba42f4d"), 
    "status" : "open", 
    "id" : "56ff02f6cfe5640e001c9058", 
    "date" : ISODate("2016-04-20T12:00:00.000+0000"), 
    "__v" : NumberInt(0)
}
{ 
    "_id" : ObjectId("56f2fc7d7e4b2e0e008a9dc0"), 
    "_case" : ObjectId("56f0429cf9581a111152b353"), 
    "creator" : ObjectId("56f2f7677e4b2e0e008a9dbe"), 
    "status" : "open", 
    "id" : "56f2fc7d7e4b2e0e008a9dbf", 
    "date" : ISODate("2016-04-16T12:00:00.000+0000"), 
    "__v" : NumberInt(0)
}
{ 
    "_id" : ObjectId("56f2fd607e4b2e0e008a9dc2"), 
    "_case" : ObjectId("56f042a3f9581a111152b3f9"), 
    "creator" : ObjectId("56f2f7677e4b2e0e008a9dbe"), 
    "status" : "open", 
    "id" : "56f2fd607e4b2e0e008a9dc1", 
    "date" : ISODate("2016-04-16T12:00:00.000+0000"), 
    "__v" : NumberInt(0)
}
{ 
    "_id" : ObjectId("56f2fdb27e4b2e0e008a9dc4"), 
    "_case" : ObjectId("56f04299f9581a111152b320"), 
    "creator" : ObjectId("56f2f7677e4b2e0e008a9dbe"), 
    "status" : "open", 
    "id" : "56f2fdb27e4b2e0e008a9dc3", 
    "date" : ISODate("2016-04-16T12:00:00.000+0000"), 
    "__v" : NumberInt(0)
}
{ 
    "_id" : ObjectId("56f2fddd7e4b2e0e008a9dc6"), 
    "_case" : ObjectId("56f04252f9581a111152ac98"), 
    "creator" : ObjectId("56f2f7677e4b2e0e008a9dbe"), 
    "status" : "open", 
    "id" : "56f2fddd7e4b2e0e008a9dc5", 
    "date" : ISODate("2016-04-16T12:00:00.000+0000"), 
    "__v" : NumberInt(0)
}
{ 
    "_id" : ObjectId("56f302327e4b2e0e008a9dc8"), 
    "_case" : ObjectId("56f042a3f9581a111152b3f9"), 
    "creator" : ObjectId("56f2f7677e4b2e0e008a9dbe"), 
    "status" : "close", 
    "id" : "56f302327e4b2e0e008a9dc7", 
    "date" : ISODate("2016-04-16T12:00:00.000+0000"), 
    "__v" : NumberInt(0)
}
{ 
    "_id" : ObjectId("56f3071c7e4b2e0e008a9dca"), 
    "_case" : ObjectId("56f0429ef9581a111152b38c"), 
    "creator" : ObjectId("56f2f7677e4b2e0e008a9dbe"), 
    "status" : "open", 
    "id" : "56f3071c7e4b2e0e008a9dc9", 
    "date" : ISODate("2016-04-16T12:00:00.000+0000"), 
    "__v" : NumberInt(0)
}
{ 
    "_id" : ObjectId("56f307f17e4b2e0e008a9dcc"), 
    "_case" : ObjectId("56f042a6f9581a111152b444"), 
    "creator" : ObjectId("56f2f7677e4b2e0e008a9dbe"), 
    "status" : "open", 
    "id" : "56f307f17e4b2e0e008a9dcb", 
    "date" : ISODate("2016-04-16T12:00:00.000+0000"), 
    "__v" : NumberInt(0)
}
{ 
    "_id" : ObjectId("56f308e17e4b2e0e008a9dce"), 
    "_case" : ObjectId("56f04263f9581a111152ae1e"), 
    "creator" : ObjectId("56f2f7677e4b2e0e008a9dbe"), 
    "status" : "open", 
    "id" : "56f308e17e4b2e0e008a9dcd", 
    "date" : ISODate("2016-04-16T12:00:00.000+0000"), 
    "__v" : NumberInt(0)
}
{ 
    "_id" : ObjectId("56f5e4e136ba150e003b9d14"), 
    "_case" : ObjectId("56f04150f9581a1111529489"), 
    "creator" : ObjectId("56aa66be44aeb7c61ba42f42"), 
    "status" : "close", 
    "id" : "56f5e4e136ba150e003b9d13", 
    "date" : ISODate("2016-04-16T12:00:00.000+0000"), 
    "__v" : NumberInt(0)
}
{ 
    "_id" : ObjectId("56f6eb9e5efd520e0005ab92"), 
    "_case" : ObjectId("56f04152f9581a11115294c8"), 
    "creator" : ObjectId("56aa66be44aeb7c61ba42f42"), 
    "status" : "open", 
    "id" : "56f6eb9e5efd520e0005ab91", 
    "date" : ISODate("2016-04-16T12:00:00.000+0000"), 
    "__v" : NumberInt(0)
}
{ 
    "_id" : ObjectId("56f96672c3233f0e00b76833"), 
    "_case" : ObjectId("56f04198f9581a1111529b58"), 
    "creator" : ObjectId("56aa66be44aeb7c61ba42f42"), 
    "status" : "close", 
    "id" : "56f96672c3233f0e00b76832", 
    "date" : ISODate("2016-04-16T12:00:00.000+0000"), 
    "__v" : NumberInt(0)
}
{ 
    "_id" : ObjectId("56f96ea1c293571700ed900d"), 
    "_case" : ObjectId("56f04286f9581a111152b14b"), 
    "creator" : ObjectId("56f2f7677e4b2e0e008a9dbe"), 
    "status" : "close", 
    "id" : "56f96ea1c293571700ed900c", 
    "date" : ISODate("2016-04-16T12:00:00.000+0000"), 
    "__v" : NumberInt(0)
}
{ 
    "_id" : ObjectId("56fc540c969d330e0020b367"), 
    "_case" : ObjectId("56f04260f9581a111152ade0"), 
    "creator" : ObjectId("56aa66be44aeb7c61ba42f4d"), 
    "status" : "close", 
    "id" : "56fc540c969d330e0020b366", 
    "date" : ISODate("2016-04-16T12:00:00.000+0000"), 
    "__v" : NumberInt(0)
}
{ 
    "_id" : ObjectId("56fd4e248ac3b70e0073a4ba"), 
    "_case" : ObjectId("56f04258f9581a111152ad19"), 
    "creator" : ObjectId("56aa66be44aeb7c61ba42f4d"), 
    "status" : "open", 
    "id" : "56fd4e248ac3b70e0073a4b9", 
    "date" : ISODate("2016-04-28T12:00:00.000+0000"), 
    "__v" : NumberInt(0)
}
{ 
    "_id" : ObjectId("56fd51ca8923951700db3a0f"), 
    "_case" : ObjectId("56f0426cf9581a111152aef4"), 
    "creator" : ObjectId("56aa66be44aeb7c61ba42f4d"), 
    "status" : "open", 
    "id" : "56fd51ca8923951700db3a0e", 
    "date" : ISODate("2016-04-16T12:00:00.000+0000"), 
    "__v" : NumberInt(0)
}
{ 
    "_id" : ObjectId("56fd55b38a09a220001c3d98"), 
    "_case" : ObjectId("56f04185f9581a1111529982"), 
    "creator" : ObjectId("56aa66be44aeb7c61ba42f4d"), 
    "status" : "open", 
    "id" : "56fd55b38a09a220001c3d97", 
    "date" : ISODate("2016-04-16T12:00:00.000+0000"), 
    "__v" : NumberInt(0)
}
{ 
    "_id" : ObjectId("56fd6c448b41903200e5765f"), 
    "_case" : ObjectId("56f0427bf9581a111152b04e"), 
    "creator" : ObjectId("56aa66be44aeb7c61ba42f47"), 
    "status" : "open", 
    "id" : "56fd6c448b41903200e5765e", 
    "date" : ISODate("2016-04-16T12:00:00.000+0000"), 
    "__v" : NumberInt(0)
}
{ 
    "_id" : ObjectId("56fd7330fba7940e00ae04ac"), 
    "_case" : ObjectId("56f0429bf9581a111152b34d"), 
    "creator" : ObjectId("56aa66be44aeb7c61ba42f4d"), 
    "status" : "open", 
    "id" : "56fd7330fba7940e00ae04ab", 
    "date" : ISODate("2016-04-16T12:00:00.000+0000"), 
    "__v" : NumberInt(0)
}
{ 
    "_id" : ObjectId("56fd777a29f2901700a682e4"), 
    "_case" : ObjectId("56f042aaf9581a111152b49b"), 
    "creator" : ObjectId("56aa66be44aeb7c61ba42f47"), 
    "status" : "open", 
    "id" : "56fd777a29f2901700a682e3", 
    "date" : ISODate("2016-04-16T12:00:00.000+0000"), 
    "__v" : NumberInt(0)
}
{ 
    "_id" : ObjectId("56fd796fc05f8e20003a8562"), 
    "_case" : ObjectId("56f042aaf9581a111152b49b"), 
    "creator" : ObjectId("56aa66be44aeb7c61ba42f4d"), 
    "status" : "open", 
    "id" : "56fd796fc05f8e20003a8561", 
    "date" : ISODate("2016-04-16T12:00:00.000+0000"), 
    "__v" : NumberInt(0)
}
{ 
    "_id" : ObjectId("56fd8c97804d3b2900bfbd71"), 
    "_case" : ObjectId("56f04276f9581a111152afd9"), 
    "creator" : ObjectId("56aa66be44aeb7c61ba42f4d"), 
    "status" : "open", 
    "id" : "56fd8c97804d3b2900bfbd70", 
    "date" : ISODate("2016-04-16T12:00:00.000+0000"), 
    "__v" : NumberInt(0)
}
{ 
    "_id" : ObjectId("56fd91ae45d0d03200bc98d4"), 
    "_case" : ObjectId("56f0420df9581a111152a634"), 
    "creator" : ObjectId("56aa66be44aeb7c61ba42f4d"), 
    "status" : "open", 
    "id" : "56fd91ad45d0d03200bc98d3", 
    "date" : ISODate("2016-05-02T12:00:00.000+0000"), 
    "__v" : NumberInt(0)
}
{ 
    "_id" : ObjectId("56fd9c6efcb8590e000eed69"), 
    "_case" : ObjectId("56f04282f9581a111152b0f5"), 
    "creator" : ObjectId("56aa66be44aeb7c61ba42f4d"), 
    "status" : "open", 
    "id" : "56fd9c6efcb8590e000eed68", 
    "date" : ISODate("2016-04-16T12:00:00.000+0000"), 
    "__v" : NumberInt(0)
}
{ 
    "_id" : ObjectId("56fd9fa1f777e41700f7e9ad"), 
    "_case" : ObjectId("56f04290f9581a111152b237"), 
    "creator" : ObjectId("56aa66be44aeb7c61ba42f4d"), 
    "status" : "open", 
    "id" : "56fd9fa1f777e41700f7e9ac", 
    "date" : ISODate("2016-04-16T12:00:00.000+0000"), 
    "__v" : NumberInt(0)
}
{ 
    "_id" : ObjectId("56fda1a802301c2000523a66"), 
    "_case" : ObjectId("56f04292f9581a111152b274"), 
    "creator" : ObjectId("56aa66be44aeb7c61ba42f4d"), 
    "status" : "open", 
    "id" : "56fda1a802301c2000523a65", 
    "date" : ISODate("2016-04-16T12:00:00.000+0000"), 
    "__v" : NumberInt(0)
}
{ 
    "_id" : ObjectId("56fda479c0e6ad2900a992cb"), 
    "_case" : ObjectId("56f04298f9581a111152b304"), 
    "creator" : ObjectId("56aa66be44aeb7c61ba42f4d"), 
    "status" : "open", 
    "id" : "56fda479c0e6ad2900a992ca", 
    "date" : ISODate("2016-04-16T12:00:00.000+0000"), 
    "__v" : NumberInt(0)
}
{ 
    "_id" : ObjectId("56fda7061302953200d53898"), 
    "_case" : ObjectId("56f042a4f9581a111152b417"), 
    "creator" : ObjectId("56aa66be44aeb7c61ba42f4d"), 
    "status" : "open", 
    "id" : "56fda7061302953200d53897", 
    "date" : ISODate("2016-04-16T12:00:00.000+0000"), 
    "__v" : NumberInt(0)
}
{ 
    "_id" : ObjectId("56fdacaa8851500e00dce724"), 
    "_case" : ObjectId("56f042a2f9581a111152b3e7"), 
    "creator" : ObjectId("56aa66be44aeb7c61ba42f4d"), 
    "status" : "open", 
    "id" : "56fdacaa8851500e00dce723", 
    "date" : ISODate("2016-04-16T12:00:00.000+0000"), 
    "__v" : NumberInt(0)
}
{ 
    "_id" : ObjectId("56ff050e00c9d91700c08ba5"), 
    "_case" : ObjectId("56f042a5f9581a111152b420"), 
    "creator" : ObjectId("56aa66be44aeb7c61ba42f4d"), 
    "status" : "open", 
    "id" : "56ff050e00c9d91700c08ba4", 
    "date" : ISODate("2016-04-25T12:00:00.000+0000"), 
    "__v" : NumberInt(0)
}
{ 
    "_id" : ObjectId("56ff06a86d0a132000eada85"), 
    "_case" : ObjectId("56f04266f9581a111152ae6a"), 
    "creator" : ObjectId("56aa66be44aeb7c61ba42f4d"), 
    "status" : "open", 
    "id" : "56ff06a86d0a132000eada84", 
    "date" : ISODate("2016-04-16T12:00:00.000+0000"), 
    "__v" : NumberInt(0)
}
{ 
    "_id" : ObjectId("56ff07c91d10692900a7d4ae"), 
    "_case" : ObjectId("56f04277f9581a111152aff3"), 
    "creator" : ObjectId("56aa66be44aeb7c61ba42f4d"), 
    "status" : "open", 
    "id" : "56ff07c91d10692900a7d4ad", 
    "date" : ISODate("2016-04-16T12:00:00.000+0000"), 
    "__v" : NumberInt(0)
}
{ 
    "_id" : ObjectId("56ff08dc7030d132002fa54f"), 
    "_case" : ObjectId("56f04295f9581a111152b2ba"), 
    "creator" : ObjectId("56aa66be44aeb7c61ba42f4d"), 
    "status" : "open", 
    "id" : "56ff08dc7030d132002fa54e", 
    "date" : ISODate("2016-05-10T12:00:00.000+0000"), 
    "__v" : NumberInt(0)
}
{ 
    "_id" : ObjectId("56ff0a8fc582a20e009426f0"), 
    "_case" : ObjectId("56f042a8f9581a111152b472"), 
    "creator" : ObjectId("56aa66be44aeb7c61ba42f4d"), 
    "status" : "open", 
    "id" : "56ff0a8fc582a20e009426ef", 
    "date" : ISODate("2016-04-16T12:00:00.000+0000"), 
    "__v" : NumberInt(0)
}
{ 
    "_id" : ObjectId("56ff0b608dfacb170042f34d"), 
    "_case" : ObjectId("56f042a8f9581a111152b472"), 
    "creator" : ObjectId("56aa66be44aeb7c61ba42f4d"), 
    "status" : "open", 
    "id" : "56ff0b608dfacb170042f34c", 
    "date" : ISODate("2016-04-16T12:00:00.000+0000"), 
    "__v" : NumberInt(0)
}
{ 
    "_id" : ObjectId("570020b03cb6362000776773"), 
    "_case" : ObjectId("56f0427ef9581a111152b08f"), 
    "creator" : ObjectId("56aa66be44aeb7c61ba42f4d"), 
    "status" : "open", 
    "id" : "570020b03cb6362000776772", 
    "date" : ISODate("2016-04-29T12:00:00.000+0000"), 
    "__v" : NumberInt(0)
}
{ 
    "_id" : ObjectId("570022112002492900ff06df"), 
    "_case" : ObjectId("56f0429af9581a111152b329"), 
    "creator" : ObjectId("56aa66be44aeb7c61ba42f4d"), 
    "status" : "open", 
    "id" : "570022112002492900ff06de", 
    "date" : ISODate("2016-05-13T12:00:00.000+0000"), 
    "__v" : NumberInt(0)
}
{ 
    "_id" : ObjectId("57002800be950e320006a649"), 
    "_case" : ObjectId("56f0426df9581a111152af15"), 
    "creator" : ObjectId("56aa66be44aeb7c61ba42f4d"), 
    "status" : "open", 
    "id" : "57002800be950e320006a648", 
    "date" : ISODate("2016-04-16T12:00:00.000+0000"), 
    "__v" : NumberInt(0)
}
{ 
    "_id" : ObjectId("570285da2414620e00da5000"), 
    "_case" : ObjectId("56f04229f9581a111152a8d0"), 
    "creator" : ObjectId("56aa66be44aeb7c61ba42f4d"), 
    "status" : "open", 
    "id" : "570285da2414620e00da4fff", 
    "date" : ISODate("2016-04-28T12:00:00.000+0000"), 
    "__v" : NumberInt(0)
}
{ 
    "_id" : ObjectId("57028c971415b11700fe366b"), 
    "_case" : ObjectId("56f042a0f9581a111152b3bd"), 
    "creator" : ObjectId("56aa66be44aeb7c61ba42f4d"), 
    "status" : "open", 
    "id" : "57028c971415b11700fe366a", 
    "date" : ISODate("2016-04-16T12:00:00.000+0000"), 
    "__v" : NumberInt(0)
}
{ 
    "_id" : ObjectId("57028d35c2d6892000028d24"), 
    "_case" : ObjectId("56f0428cf9581a111152b1e4"), 
    "creator" : ObjectId("56aa66be44aeb7c61ba42f4d"), 
    "status" : "open", 
    "id" : "57028d35c2d6892000028d23", 
    "date" : ISODate("2016-04-16T12:00:00.000+0000"), 
    "__v" : NumberInt(0)
}
{ 
    "_id" : ObjectId("57028de7f4bc71290071a00c"), 
    "_case" : ObjectId("56f04295f9581a111152b2b6"), 
    "creator" : ObjectId("56aa66be44aeb7c61ba42f4d"), 
    "status" : "open", 
    "id" : "57028de7f4bc71290071a00b", 
    "date" : ISODate("2016-04-16T12:00:00.000+0000"), 
    "__v" : NumberInt(0)
}
{ 
    "_id" : ObjectId("57028f427bb84e320049d727"), 
    "_case" : ObjectId("56f0429ff9581a111152b3ac"), 
    "creator" : ObjectId("56aa66be44aeb7c61ba42f4d"), 
    "status" : "open", 
    "id" : "57028f427bb84e320049d726", 
    "date" : ISODate("2016-04-28T12:00:00.000+0000"), 
    "__v" : NumberInt(0)
}
{ 
    "_id" : ObjectId("5702943f703a0e0e0019bbd3"), 
    "_case" : ObjectId("56f0424ff9581a111152ac47"), 
    "creator" : ObjectId("56aa66be44aeb7c61ba42f4d"), 
    "status" : "open", 
    "id" : "5702943f703a0e0e0019bbd2", 
    "date" : ISODate("2016-04-16T12:00:00.000+0000"), 
    "__v" : NumberInt(0)
}
{ 
    "_id" : ObjectId("57029605e12f3d17002a5f53"), 
    "_case" : ObjectId("56f0428af9581a111152b1bc"), 
    "creator" : ObjectId("56aa66be44aeb7c61ba42f4d"), 
    "status" : "open", 
    "id" : "57029605e12f3d17002a5f52", 
    "date" : ISODate("2016-04-18T12:00:00.000+0000"), 
    "__v" : NumberInt(0)
}
{ 
    "_id" : ObjectId("570296d8c686352000ce7069"), 
    "_case" : ObjectId("56f04251f9581a111152ac7f"), 
    "creator" : ObjectId("56aa66be44aeb7c61ba42f4d"), 
    "status" : "open", 
    "id" : "570296d8c686352000ce7068", 
    "date" : ISODate("2016-04-16T12:00:00.000+0000"), 
    "__v" : NumberInt(0)
}
{ 
    "_id" : ObjectId("57029b824311a02900b10e63"), 
    "_case" : ObjectId("56f042a5f9581a111152b422"), 
    "creator" : ObjectId("56aa66be44aeb7c61ba42f4d"), 
    "status" : "open", 
    "id" : "57029b824311a02900b10e62", 
    "date" : ISODate("2016-04-16T12:00:00.000+0000"), 
    "__v" : NumberInt(0)
}
{ 
    "_id" : ObjectId("5702a066bce48332000b7789"), 
    "_case" : ObjectId("56f042a5f9581a111152b423"), 
    "creator" : ObjectId("56aa66be44aeb7c61ba42f4d"), 
    "status" : "open", 
    "id" : "5702a066bce48332000b7788", 
    "date" : ISODate("2016-04-16T12:00:00.000+0000"), 
    "__v" : NumberInt(0)
}
{ 
    "_id" : ObjectId("5702a1b993ad6a0e003dad91"), 
    "_case" : ObjectId("56f042a5f9581a111152b423"), 
    "creator" : ObjectId("56aa66be44aeb7c61ba42f4d"), 
    "status" : "open", 
    "id" : "5702a1b993ad6a0e003dad90", 
    "date" : ISODate("2016-04-16T12:00:00.000+0000"), 
    "__v" : NumberInt(0)
}
{ 
    "_id" : ObjectId("5702a32385df8f1700d5232c"), 
    "_case" : ObjectId("56f042aaf9581a111152b4ac"), 
    "creator" : ObjectId("56aa66be44aeb7c61ba42f4d"), 
    "status" : "open", 
    "id" : "5702a32385df8f1700d5232b", 
    "date" : ISODate("2016-04-16T12:00:00.000+0000"), 
    "__v" : NumberInt(0)
}
{ 
    "_id" : ObjectId("5702b717783a1e200002a2dd"), 
    "_case" : ObjectId("56f0427df9581a111152b07b"), 
    "creator" : ObjectId("56aa66be44aeb7c61ba42f4d"), 
    "status" : "open", 
    "id" : "5702b717783a1e200002a2dc", 
    "date" : ISODate("2016-05-03T12:00:00.000+0000"), 
    "__v" : NumberInt(0)
}
{ 
    "_id" : ObjectId("5702b8921106b72900577ff4"), 
    "_case" : ObjectId("56f042a7f9581a111152b45f"), 
    "creator" : ObjectId("56aa66be44aeb7c61ba42f4d"), 
    "status" : "open", 
    "id" : "5702b8921106b72900577ff3", 
    "date" : ISODate("2016-04-18T12:00:00.000+0000"), 
    "__v" : NumberInt(0)
}
{ 
    "_id" : ObjectId("5702b98db5f97432005cfc60"), 
    "_case" : ObjectId("56f04282f9581a111152b0f0"), 
    "creator" : ObjectId("56aa66be44aeb7c61ba42f4d"), 
    "status" : "open", 
    "id" : "5702b98db5f97432005cfc5f", 
    "date" : ISODate("2016-05-09T12:00:00.000+0000"), 
    "__v" : NumberInt(0)
}
{ 
    "_id" : ObjectId("5702bb1331c6980e00fbd604"), 
    "_case" : ObjectId("56f041b2f9581a1111529dc4"), 
    "creator" : ObjectId("56aa66be44aeb7c61ba42f4d"), 
    "status" : "open", 
    "id" : "5702bb1331c6980e00fbd603", 
    "date" : ISODate("2016-05-13T12:00:00.000+0000"), 
    "__v" : NumberInt(0)
}
{ 
    "_id" : ObjectId("5702bc7b4bfba21700c28faf"), 
    "_case" : ObjectId("56f04298f9581a111152b2f9"), 
    "creator" : ObjectId("56aa66be44aeb7c61ba42f4d"), 
    "status" : "open", 
    "id" : "5702bc7b4bfba21700c28fae", 
    "date" : ISODate("2016-04-16T12:00:00.000+0000"), 
    "__v" : NumberInt(0)
}
{ 
    "_id" : ObjectId("5702cebbf544eb2000c4330d"), 
    "_case" : ObjectId("56fc1faa969d330e0020b353"), 
    "creator" : ObjectId("56aa66be44aeb7c61ba42f4d"), 
    "status" : "open", 
    "id" : "5702cebbf544eb2000c4330c", 
    "date" : ISODate("2016-04-16T12:00:00.000+0000"), 
    "__v" : NumberInt(0)
}
{ 
    "_id" : ObjectId("5702cf1218010d2900ed099a"), 
    "_case" : ObjectId("56fc0f94969d330e0020b34a"), 
    "creator" : ObjectId("56aa66be44aeb7c61ba42f4d"), 
    "status" : "open", 
    "id" : "5702cf1218010d2900ed0999", 
    "date" : ISODate("2016-04-16T12:00:00.000+0000"), 
    "__v" : NumberInt(0)
}
{ 
    "_id" : ObjectId("5702cf63647d7a3200d94ccc"), 
    "_case" : ObjectId("56fc0c1d969d330e0020b349"), 
    "creator" : ObjectId("56aa66be44aeb7c61ba42f4d"), 
    "status" : "open", 
    "id" : "5702cf63647d7a3200d94ccb", 
    "date" : ISODate("2016-04-16T12:00:00.000+0000"), 
    "__v" : NumberInt(0)
}
{ 
    "_id" : ObjectId("5702d3d14dc72e0e00aff808"), 
    "_case" : ObjectId("56f0420cf9581a111152a61e"), 
    "creator" : ObjectId("56aa66be44aeb7c61ba42f4d"), 
    "status" : "open", 
    "id" : "5702d3d14dc72e0e00aff807", 
    "date" : ISODate("2016-04-18T12:00:00.000+0000"), 
    "__v" : NumberInt(0)
}
{ 
    "_id" : ObjectId("5702d7d1863b181700a1429f"), 
    "_case" : ObjectId("56f0426df9581a111152af13"), 
    "creator" : ObjectId("56aa66be44aeb7c61ba42f4d"), 
    "status" : "open", 
    "id" : "5702d7d1863b181700a1429e", 
    "date" : ISODate("2016-04-16T12:00:00.000+0000"), 
    "__v" : NumberInt(0)
}
{ 
    "_id" : ObjectId("5702dc2d1ad7f020008ad9df"), 
    "_case" : ObjectId("56f0425cf9581a111152ad74"), 
    "creator" : ObjectId("56aa66be44aeb7c61ba42f4d"), 
    "status" : "open", 
    "id" : "5702dc2d1ad7f020008ad9de", 
    "date" : ISODate("2016-04-19T12:00:00.000+0000"), 
    "__v" : NumberInt(0)
}
{ 
    "_id" : ObjectId("5702e1f0cd6082290075fba2"), 
    "_case" : ObjectId("56f0429ef9581a111152b386"), 
    "creator" : ObjectId("56aa66be44aeb7c61ba42f4d"), 
    "status" : "open", 
    "id" : "5702e1f0cd6082290075fba1", 
    "date" : ISODate("2016-04-16T12:00:00.000+0000"), 
    "__v" : NumberInt(0)
}
{ 
    "_id" : ObjectId("5702e34c081e773200670df4"), 
    "_case" : ObjectId("56f04258f9581a111152ad21"), 
    "creator" : ObjectId("56aa66be44aeb7c61ba42f4d"), 
    "status" : "open", 
    "id" : "5702e34c081e773200670df3", 
    "date" : ISODate("2016-04-18T12:00:00.000+0000"), 
    "__v" : NumberInt(0)
}
{ 
    "_id" : ObjectId("5702e5cecacc460e005a5cb4"), 
    "_case" : ObjectId("56f0427bf9581a111152b04b"), 
    "creator" : ObjectId("56aa66be44aeb7c61ba42f4d"), 
    "status" : "open", 
    "id" : "5702e5cecacc460e005a5cb3", 
    "date" : ISODate("2016-04-19T12:00:00.000+0000"), 
    "__v" : NumberInt(0)
}
{ 
    "_id" : ObjectId("5702e9bb903ee31700db60f3"), 
    "_case" : ObjectId("56f042abf9581a111152b4b1"), 
    "creator" : ObjectId("56aa66be44aeb7c61ba42f4d"), 
    "status" : "open", 
    "id" : "5702e9bb903ee31700db60f2", 
    "date" : ISODate("2016-04-18T12:00:00.000+0000"), 
    "__v" : NumberInt(0)
}
{ 
    "_id" : ObjectId("5702ed72fa8f4a20004e664f"), 
    "_case" : ObjectId("56f04283f9581a111152b114"), 
    "creator" : ObjectId("56aa66be44aeb7c61ba42f4d"), 
    "status" : "open", 
    "id" : "5702ed72fa8f4a20004e664e", 
    "date" : ISODate("2016-04-29T12:00:00.000+0000"), 
    "__v" : NumberInt(0)
}
{ 
    "_id" : ObjectId("5702f3eebc5f582900163bcf"), 
    "_case" : ObjectId("56f9a526a3ae7e290003e2ef"), 
    "creator" : ObjectId("56aa66be44aeb7c61ba42f4d"), 
    "status" : "open", 
    "id" : "5702f3edbc5f582900163bce", 
    "date" : ISODate("2016-05-02T12:00:00.000+0000"), 
    "__v" : NumberInt(0)
}
{ 
    "_id" : ObjectId("5703581901d3e30e00d86d2b"), 
    "_case" : ObjectId("56f04159f9581a111152956b"), 
    "creator" : ObjectId("56aa66be44aeb7c61ba42f42"), 
    "status" : "open", 
    "id" : "5703581901d3e30e00d86d2a", 
    "date" : ISODate("2016-04-16T12:00:00.000+0000"), 
    "__v" : NumberInt(0)
}
{ 
    "_id" : ObjectId("5703586501d3e30e00d86d2d"), 
    "_case" : ObjectId("56f04152f9581a11115294c8"), 
    "creator" : ObjectId("56aa66be44aeb7c61ba42f42"), 
    "status" : "open", 
    "id" : "5703586501d3e30e00d86d2c", 
    "date" : ISODate("2016-04-16T12:00:00.000+0000"), 
    "__v" : NumberInt(0)
}
{ 
    "_id" : ObjectId("5703e01354e4c10e00d55eae"), 
    "_case" : ObjectId("56f042a8f9581a111152b468"), 
    "creator" : ObjectId("56aa66be44aeb7c61ba42f4d"), 
    "status" : "open", 
    "id" : "5703e01354e4c10e00d55ead", 
    "date" : ISODate("2016-04-16T12:00:00.000+0000"), 
    "__v" : NumberInt(0)
}
{ 
    "_id" : ObjectId("5703e58f54e4c10e00d55eb0"), 
    "_case" : ObjectId("56f04266f9581a111152ae6f"), 
    "creator" : ObjectId("56aa66be44aeb7c61ba42f4d"), 
    "status" : "open", 
    "id" : "5703e58f54e4c10e00d55eaf", 
    "date" : ISODate("2016-04-16T12:00:00.000+0000"), 
    "__v" : NumberInt(0)
}
{ 
    "_id" : ObjectId("5703e90354e4c10e00d55eb2"), 
    "_case" : ObjectId("56f04273f9581a111152af90"), 
    "creator" : ObjectId("56aa66be44aeb7c61ba42f4d"), 
    "status" : "open", 
    "id" : "5703e90354e4c10e00d55eb1", 
    "date" : ISODate("2016-04-19T12:00:00.000+0000"), 
    "__v" : NumberInt(0)
}
{ 
    "_id" : ObjectId("5703ee5254e4c10e00d55eb4"), 
    "_case" : ObjectId("56f0427bf9581a111152b04e"), 
    "creator" : ObjectId("56aa66be44aeb7c61ba42f4d"), 
    "status" : "open", 
    "id" : "5703ee5254e4c10e00d55eb3", 
    "date" : ISODate("2016-04-16T12:00:00.000+0000"), 
    "__v" : NumberInt(0)
}
{ 
    "_id" : ObjectId("5703fefe54e4c10e00d55ec1"), 
    "_case" : ObjectId("56f0426df9581a111152af13"), 
    "creator" : ObjectId("56aa66be44aeb7c61ba42f4d"), 
    "status" : "open", 
    "id" : "5703fefe54e4c10e00d55ec0", 
    "date" : ISODate("2016-04-16T12:00:00.000+0000"), 
    "__v" : NumberInt(0)
}
{ 
    "_id" : ObjectId("570406af54e4c10e00d55ec8"), 
    "_case" : ObjectId("56f042a5f9581a111152b422"), 
    "creator" : ObjectId("56aa66be44aeb7c61ba42f4d"), 
    "status" : "open", 
    "id" : "570406af54e4c10e00d55ec7", 
    "date" : ISODate("2016-04-26T12:00:00.000+0000"), 
    "__v" : NumberInt(0)
}
{ 
    "_id" : ObjectId("5704071854e4c10e00d55eca"), 
    "_case" : ObjectId("56f0427bf9581a111152b04e"), 
    "creator" : ObjectId("56aa66be44aeb7c61ba42f47"), 
    "status" : "open", 
    "id" : "5704071854e4c10e00d55ec9", 
    "date" : ISODate("2016-04-16T12:00:00.000+0000"), 
    "__v" : NumberInt(0)
}
{ 
    "_id" : ObjectId("57040b5e54e4c10e00d55ece"), 
    "_case" : ObjectId("56f042aaf9581a111152b4ac"), 
    "creator" : ObjectId("56aa66be44aeb7c61ba42f4d"), 
    "status" : "open", 
    "id" : "57040b5e54e4c10e00d55ecd", 
    "date" : ISODate("2016-04-16T12:00:00.000+0000"), 
    "__v" : NumberInt(0)
}
{ 
    "_id" : ObjectId("57041be554e4c10e00d55ed7"), 
    "_case" : ObjectId("56f0425cf9581a111152ad73"), 
    "creator" : ObjectId("56aa66be44aeb7c61ba42f4d"), 
    "status" : "open", 
    "id" : "57041be554e4c10e00d55ed6", 
    "date" : ISODate("2016-04-16T12:00:00.000+0000"), 
    "__v" : NumberInt(0)
}
{ 
    "_id" : ObjectId("5704205454e4c10e00d55edd"), 
    "_case" : ObjectId("56f042a6f9581a111152b447"), 
    "creator" : ObjectId("56aa66be44aeb7c61ba42f4d"), 
    "status" : "open", 
    "id" : "5704205454e4c10e00d55edc", 
    "date" : ISODate("2016-04-19T12:00:00.000+0000"), 
    "__v" : NumberInt(0)
}
{ 
    "_id" : ObjectId("57042bff54e4c10e00d55ee4"), 
    "_case" : ObjectId("56f0427ef9581a111152b08d"), 
    "creator" : ObjectId("56aa66be44aeb7c61ba42f4d"), 
    "status" : "open", 
    "id" : "57042bff54e4c10e00d55ee3", 
    "date" : ISODate("2016-04-16T12:00:00.000+0000"), 
    "__v" : NumberInt(0)
}
{ 
    "_id" : ObjectId("57042d4454e4c10e00d55ee6"), 
    "_case" : ObjectId("56f0427ff9581a111152b0a5"), 
    "creator" : ObjectId("56aa66be44aeb7c61ba42f4d"), 
    "status" : "open", 
    "id" : "57042d4454e4c10e00d55ee5", 
    "date" : ISODate("2016-04-16T12:00:00.000+0000"), 
    "__v" : NumberInt(0)
}
{ 
    "_id" : ObjectId("57042ed154e4c10e00d55ee8"), 
    "_case" : ObjectId("56f04198f9581a1111529b58"), 
    "creator" : ObjectId("56aa66be44aeb7c61ba42f42"), 
    "status" : "open", 
    "id" : "57042ed154e4c10e00d55ee7", 
    "date" : ISODate("2016-04-16T12:00:00.000+0000"), 
    "__v" : NumberInt(0)
}
{ 
    "_id" : ObjectId("5704312354e4c10e00d55eeb"), 
    "_case" : ObjectId("56f0428ff9581a111152b223"), 
    "creator" : ObjectId("56aa66be44aeb7c61ba42f4d"), 
    "status" : "open", 
    "id" : "5704312354e4c10e00d55eea", 
    "date" : ISODate("2016-04-16T12:00:00.000+0000"), 
    "__v" : NumberInt(0)
}
{ 
    "_id" : ObjectId("570437a554e4c10e00d55ef0"), 
    "_case" : ObjectId("56f041c2f9581a1111529f38"), 
    "creator" : ObjectId("56aa66be44aeb7c61ba42f42"), 
    "status" : "open", 
    "id" : "570437a554e4c10e00d55eef", 
    "date" : ISODate("2016-04-16T12:00:00.000+0000"), 
    "__v" : NumberInt(0)
}
{ 
    "_id" : ObjectId("570437f554e4c10e00d55ef2"), 
    "_case" : ObjectId("56f0429bf9581a111152b34d"), 
    "creator" : ObjectId("56aa66be44aeb7c61ba42f4d"), 
    "status" : "open", 
    "id" : "570437f554e4c10e00d55ef1", 
    "date" : ISODate("2016-04-21T12:00:00.000+0000"), 
    "__v" : NumberInt(0)
}
{ 
    "_id" : ObjectId("57043ad154e4c10e00d55ef4"), 
    "_case" : ObjectId("56f04278f9581a111152b013"), 
    "creator" : ObjectId("56aa66be44aeb7c61ba42f4d"), 
    "status" : "open", 
    "id" : "57043ad154e4c10e00d55ef3", 
    "date" : ISODate("2016-04-16T12:00:00.000+0000"), 
    "__v" : NumberInt(0)
}
{ 
    "_id" : ObjectId("57043d9f54e4c10e00d55efa"), 
    "_case" : ObjectId("56f042aaf9581a111152b4ac"), 
    "creator" : ObjectId("56aa66be44aeb7c61ba42f4d"), 
    "status" : "open", 
    "id" : "57043d9f54e4c10e00d55ef9", 
    "date" : ISODate("2016-04-29T12:00:00.000+0000"), 
    "__v" : NumberInt(0)
}
{ 
    "_id" : ObjectId("5704405e54e4c10e00d55efc"), 
    "_case" : ObjectId("56f0426cf9581a111152aef4"), 
    "creator" : ObjectId("56aa66be44aeb7c61ba42f4d"), 
    "status" : "open", 
    "id" : "5704405e54e4c10e00d55efb", 
    "date" : ISODate("2016-04-27T12:00:00.000+0000"), 
    "__v" : NumberInt(0)
}
{ 
    "_id" : ObjectId("5704452254e4c10e00d55efe"), 
    "_case" : ObjectId("56f0429af9581a111152b32e"), 
    "creator" : ObjectId("56aa66be44aeb7c61ba42f4d"), 
    "status" : "open", 
    "id" : "5704452254e4c10e00d55efd", 
    "date" : ISODate("2016-04-16T12:00:00.000+0000"), 
    "__v" : NumberInt(0)
}
{ 
    "_id" : ObjectId("5704475d54e4c10e00d55f00"), 
    "_case" : ObjectId("56f0424ff9581a111152ac4f"), 
    "creator" : ObjectId("56aa66be44aeb7c61ba42f4d"), 
    "status" : "open", 
    "id" : "5704475d54e4c10e00d55eff", 
    "date" : ISODate("2016-04-19T12:00:00.000+0000"), 
    "__v" : NumberInt(0)
}
{ 
    "_id" : ObjectId("570449a454e4c10e00d55f02"), 
    "_case" : ObjectId("56f04272f9581a111152af87"), 
    "creator" : ObjectId("56aa66be44aeb7c61ba42f4d"), 
    "status" : "open", 
    "id" : "570449a454e4c10e00d55f01", 
    "date" : ISODate("2016-04-21T12:00:00.000+0000"), 
    "__v" : NumberInt(0)
}
{ 
    "_id" : ObjectId("57044b7054e4c10e00d55f04"), 
    "_case" : ObjectId("56f042a2f9581a111152b3e9"), 
    "creator" : ObjectId("56aa66be44aeb7c61ba42f4d"), 
    "status" : "open", 
    "id" : "57044b7054e4c10e00d55f03", 
    "date" : ISODate("2016-04-16T12:00:00.000+0000"), 
    "__v" : NumberInt(0)
}
{ 
    "_id" : ObjectId("57044ddc54e4c10e00d55f06"), 
    "_case" : ObjectId("56f042a2f9581a111152b3e6"), 
    "creator" : ObjectId("56aa66be44aeb7c61ba42f4d"), 
    "status" : "open", 
    "id" : "57044ddc54e4c10e00d55f05", 
    "date" : ISODate("2016-04-16T12:00:00.000+0000"), 
    "__v" : NumberInt(0)
}
{ 
    "_id" : ObjectId("570522475990b20e004e0f85"), 
    "_case" : ObjectId("56f0426af9581a111152aecc"), 
    "creator" : ObjectId("56aa66be44aeb7c61ba42f4d"), 
    "status" : "open", 
    "id" : "570522475990b20e004e0f84", 
    "date" : ISODate("2016-04-20T12:00:00.000+0000"), 
    "__v" : NumberInt(0)
}
{ 
    "_id" : ObjectId("570528af5990b20e004e0f87"), 
    "_case" : ObjectId("56f0420cf9581a111152a61e"), 
    "creator" : ObjectId("56aa66be44aeb7c61ba42f4d"), 
    "status" : "open", 
    "id" : "570528af5990b20e004e0f86", 
    "date" : ISODate("2016-04-16T12:00:00.000+0000"), 
    "__v" : NumberInt(0)
}
{ 
    "_id" : ObjectId("57052a2b5990b20e004e0f89"), 
    "_case" : ObjectId("56f04254f9581a111152accd"), 
    "creator" : ObjectId("56aa66be44aeb7c61ba42f4d"), 
    "status" : "open", 
    "id" : "57052a2b5990b20e004e0f88", 
    "date" : ISODate("2016-04-26T12:00:00.000+0000"), 
    "__v" : NumberInt(0)
}
{ 
    "_id" : ObjectId("57052c9d5990b20e004e0f8b"), 
    "_case" : ObjectId("56f0415ff9581a11115295fb"), 
    "creator" : ObjectId("56aa66be44aeb7c61ba42f4d"), 
    "status" : "open", 
    "id" : "57052c9d5990b20e004e0f8a", 
    "date" : ISODate("2016-04-20T12:00:00.000+0000"), 
    "__v" : NumberInt(0)
}
{ 
    "_id" : ObjectId("57052ebc5990b20e004e0f8e"), 
    "_case" : ObjectId("56f042abf9581a111152b4b0"), 
    "creator" : ObjectId("56aa66be44aeb7c61ba42f4d"), 
    "status" : "open", 
    "id" : "57052ebc5990b20e004e0f8d", 
    "date" : ISODate("2016-04-25T12:00:00.000+0000"), 
    "__v" : NumberInt(0)
}
{ 
    "_id" : ObjectId("57052f6f5990b20e004e0f90"), 
    "_case" : ObjectId("56f042aaf9581a111152b4ad"), 
    "creator" : ObjectId("56aa66be44aeb7c61ba42f4d"), 
    "status" : "open", 
    "id" : "57052f6f5990b20e004e0f8f", 
    "date" : ISODate("2016-05-23T12:00:00.000+0000"), 
    "__v" : NumberInt(0)
}
{ 
    "_id" : ObjectId("5705300c5990b20e004e0f92"), 
    "_case" : ObjectId("56f0425bf9581a111152ad5c"), 
    "creator" : ObjectId("56aa66be44aeb7c61ba42f4d"), 
    "status" : "open", 
    "id" : "5705300c5990b20e004e0f91", 
    "date" : ISODate("2016-04-27T12:00:00.000+0000"), 
    "__v" : NumberInt(0)
}
{ 
    "_id" : ObjectId("570531a25990b20e004e0f94"), 
    "_case" : ObjectId("56fc0c1d969d330e0020b349"), 
    "creator" : ObjectId("56aa66be44aeb7c61ba42f4d"), 
    "status" : "open", 
    "id" : "570531a25990b20e004e0f93", 
    "date" : ISODate("2016-04-19T12:00:00.000+0000"), 
    "__v" : NumberInt(0)
}
{ 
    "_id" : ObjectId("5705322c5990b20e004e0f96"), 
    "_case" : ObjectId("56f0426df9581a111152af15"), 
    "creator" : ObjectId("56aa66be44aeb7c61ba42f4d"), 
    "status" : "open", 
    "id" : "5705322c5990b20e004e0f95", 
    "date" : ISODate("2016-04-16T12:00:00.000+0000"), 
    "__v" : NumberInt(0)
}
{ 
    "_id" : ObjectId("570532ce5990b20e004e0f98"), 
    "_case" : ObjectId("56f04271f9581a111152af71"), 
    "creator" : ObjectId("56aa66be44aeb7c61ba42f4d"), 
    "status" : "open", 
    "id" : "570532ce5990b20e004e0f97", 
    "date" : ISODate("2016-04-16T12:00:00.000+0000"), 
    "__v" : NumberInt(0)
}
{ 
    "_id" : ObjectId("5705338a5990b20e004e0f9a"), 
    "_case" : ObjectId("56f0429cf9581a111152b355"), 
    "creator" : ObjectId("56aa66be44aeb7c61ba42f4d"), 
    "status" : "open", 
    "id" : "5705338a5990b20e004e0f99", 
    "date" : ISODate("2016-04-19T12:00:00.000+0000"), 
    "__v" : NumberInt(0)
}
{ 
    "_id" : ObjectId("570534395990b20e004e0f9c"), 
    "_case" : ObjectId("56f04294f9581a111152b295"), 
    "creator" : ObjectId("56aa66be44aeb7c61ba42f4d"), 
    "status" : "open", 
    "id" : "570534395990b20e004e0f9b", 
    "date" : ISODate("2016-04-20T12:00:00.000+0000"), 
    "__v" : NumberInt(0)
}
{ 
    "_id" : ObjectId("570534ca5990b20e004e0f9e"), 
    "_case" : ObjectId("56f04276f9581a111152afd9"), 
    "creator" : ObjectId("56aa66be44aeb7c61ba42f4d"), 
    "status" : "open", 
    "id" : "570534ca5990b20e004e0f9d", 
    "date" : ISODate("2016-04-20T12:00:00.000+0000"), 
    "__v" : NumberInt(0)
}
{ 
    "_id" : ObjectId("57053edf5990b20e004e0fa8"), 
    "_case" : ObjectId("56f042abf9581a111152b4b3"), 
    "creator" : ObjectId("56aa66be44aeb7c61ba42f4d"), 
    "status" : "open", 
    "id" : "57053edf5990b20e004e0fa7", 
    "date" : ISODate("2016-04-20T12:00:00.000+0000"), 
    "__v" : NumberInt(0)
}
{ 
    "_id" : ObjectId("570544c65990b20e004e0fb0"), 
    "_case" : ObjectId("56f04288f9581a111152b180"), 
    "creator" : ObjectId("56aa66be44aeb7c61ba42f4d"), 
    "status" : "open", 
    "id" : "570544c65990b20e004e0faf", 
    "date" : ISODate("2016-04-20T12:00:00.000+0000"), 
    "__v" : NumberInt(0)
}
{ 
    "_id" : ObjectId("570547165990b20e004e0fb4"), 
    "_case" : ObjectId("56f04274f9581a111152afb1"), 
    "creator" : ObjectId("56aa66be44aeb7c61ba42f4d"), 
    "status" : "open", 
    "id" : "570547165990b20e004e0fb3", 
    "date" : ISODate("2016-04-16T12:00:00.000+0000"), 
    "__v" : NumberInt(0)
}
{ 
    "_id" : ObjectId("57054cd55990b20e004e0fbb"), 
    "_case" : ObjectId("56f04290f9581a111152b237"), 
    "creator" : ObjectId("56aa66be44aeb7c61ba42f4d"), 
    "status" : "open", 
    "id" : "57054cd55990b20e004e0fba", 
    "date" : ISODate("2016-04-16T12:00:00.000+0000"), 
    "__v" : NumberInt(0)
}
{ 
    "_id" : ObjectId("570564ab5990b20e004e0fc9"), 
    "_case" : ObjectId("56f0417ff9581a11115298f8"), 
    "creator" : ObjectId("56aa66be44aeb7c61ba42f4d"), 
    "status" : "open", 
    "id" : "570564ab5990b20e004e0fc8", 
    "date" : ISODate("2016-05-27T12:00:00.000+0000"), 
    "__v" : NumberInt(0)
}
{ 
    "_id" : ObjectId("570565b25990b20e004e0fcd"), 
    "_case" : ObjectId("56f04249f9581a111152abb8"), 
    "creator" : ObjectId("56aa66be44aeb7c61ba42f4d"), 
    "status" : "open", 
    "id" : "570565b15990b20e004e0fcc", 
    "date" : ISODate("2016-04-16T12:00:00.000+0000"), 
    "__v" : NumberInt(0)
}
{ 
    "_id" : ObjectId("570566865990b20e004e0fd1"), 
    "_case" : ObjectId("56f042a8f9581a111152b47c"), 
    "creator" : ObjectId("56aa66be44aeb7c61ba42f4d"), 
    "status" : "open", 
    "id" : "570566865990b20e004e0fd0", 
    "date" : ISODate("2016-05-04T12:00:00.000+0000"), 
    "__v" : NumberInt(0)
}
{ 
    "_id" : ObjectId("5705671a5990b20e004e0fd3"), 
    "_case" : ObjectId("56f04214f9581a111152a6e5"), 
    "creator" : ObjectId("56aa66be44aeb7c61ba42f4d"), 
    "status" : "open", 
    "id" : "5705671a5990b20e004e0fd2", 
    "date" : ISODate("2016-04-16T12:00:00.000+0000"), 
    "__v" : NumberInt(0)
}
{ 
    "_id" : ObjectId("57056cc95990b20e004e0fd7"), 
    "_case" : ObjectId("56f0429df9581a111152b36b"), 
    "creator" : ObjectId("56aa66be44aeb7c61ba42f4d"), 
    "status" : "open", 
    "id" : "57056cc95990b20e004e0fd6", 
    "date" : ISODate("2016-04-16T12:00:00.000+0000"), 
    "__v" : NumberInt(0)
}
{ 
    "_id" : ObjectId("57056edc5990b20e004e0fd9"), 
    "_case" : ObjectId("56f042a2f9581a111152b3ee"), 
    "creator" : ObjectId("56aa66be44aeb7c61ba42f4d"), 
    "status" : "open", 
    "id" : "57056edc5990b20e004e0fd8", 
    "date" : ISODate("2016-04-16T12:00:00.000+0000"), 
    "__v" : NumberInt(0)
}
{ 
    "_id" : ObjectId("5705720c5990b20e004e0fdc"), 
    "_case" : ObjectId("56f042a2f9581a111152b3e6"), 
    "creator" : ObjectId("56aa66be44aeb7c61ba42f4d"), 
    "status" : "open", 
    "id" : "5705720c5990b20e004e0fdb", 
    "date" : ISODate("2016-04-20T12:00:00.000+0000"), 
    "__v" : NumberInt(0)
}
{ 
    "_id" : ObjectId("57057e3a5990b20e004e0fe4"), 
    "_case" : ObjectId("56f04268f9581a111152ae98"), 
    "creator" : ObjectId("56aa66be44aeb7c61ba42f4d"), 
    "status" : "open", 
    "id" : "57057e3a5990b20e004e0fe3", 
    "date" : ISODate("2016-04-29T12:00:00.000+0000"), 
    "__v" : NumberInt(0)
}
{ 
    "_id" : ObjectId("57057efc5990b20e004e0fe6"), 
    "_case" : ObjectId("56f042abf9581a111152b4b3"), 
    "creator" : ObjectId("56aa66be44aeb7c61ba42f4d"), 
    "status" : "open", 
    "id" : "57057efc5990b20e004e0fe5", 
    "date" : ISODate("2016-04-20T12:00:00.000+0000"), 
    "__v" : NumberInt(0)
}
{ 
    "_id" : ObjectId("570580a15990b20e004e0fe9"), 
    "_case" : ObjectId("56f04241f9581a111152aaf5"), 
    "creator" : ObjectId("56aa66be44aeb7c61ba42f4d"), 
    "status" : "open", 
    "id" : "570580a15990b20e004e0fe8", 
    "date" : ISODate("2016-05-18T12:00:00.000+0000"), 
    "__v" : NumberInt(0)
}
{ 
    "_id" : ObjectId("570580eb5990b20e004e0feb"), 
    "_case" : ObjectId("56f04241f9581a111152aaf5"), 
    "creator" : ObjectId("56aa66be44aeb7c61ba42f4d"), 
    "status" : "open", 
    "id" : "570580eb5990b20e004e0fea", 
    "date" : ISODate("2016-05-18T12:00:00.000+0000"), 
    "__v" : NumberInt(0)
}
{ 
    "_id" : ObjectId("570585c45990b20e004e0fef"), 
    "_case" : ObjectId("56f04270f9581a111152af4f"), 
    "creator" : ObjectId("56aa66be44aeb7c61ba42f4d"), 
    "status" : "open", 
    "id" : "570585c45990b20e004e0fee", 
    "date" : ISODate("2016-05-04T12:00:00.000+0000"), 
    "__v" : NumberInt(0)
}
{ 
    "_id" : ObjectId("570588545990b20e004e0ff2"), 
    "_case" : ObjectId("56f0429ef9581a111152b385"), 
    "creator" : ObjectId("56aa66be44aeb7c61ba42f4d"), 
    "status" : "open", 
    "id" : "570588545990b20e004e0ff1", 
    "date" : ISODate("2016-04-16T12:00:00.000+0000"), 
    "__v" : NumberInt(0)
}
{ 
    "_id" : ObjectId("570590915990b20e004e0ff4"), 
    "_case" : ObjectId("56f0428ff9581a111152b223"), 
    "creator" : ObjectId("56aa66be44aeb7c61ba42f4d"), 
    "status" : "open", 
    "id" : "570590915990b20e004e0ff3", 
    "date" : ISODate("2016-05-17T12:00:00.000+0000"), 
    "__v" : NumberInt(0)
}
{ 
    "_id" : ObjectId("570591b45990b20e004e0ff6"), 
    "_case" : ObjectId("56f0429af9581a111152b32c"), 
    "creator" : ObjectId("56aa66be44aeb7c61ba42f4d"), 
    "status" : "open", 
    "id" : "570591b45990b20e004e0ff5", 
    "date" : ISODate("2016-05-18T12:00:00.000+0000"), 
    "__v" : NumberInt(0)
}
{ 
    "_id" : ObjectId("57068be1d16ce30e0070e082"), 
    "_case" : ObjectId("56f04274f9581a111152afb1"), 
    "creator" : ObjectId("56aa66be44aeb7c61ba42f4d"), 
    "status" : "open", 
    "id" : "57068be1d16ce30e0070e081", 
    "date" : ISODate("2016-04-22T12:00:00.000+0000"), 
    "__v" : NumberInt(0)
}
{ 
    "_id" : ObjectId("57068fc8d16ce30e0070e085"), 
    "_case" : ObjectId("56f0427ff9581a111152b0a5"), 
    "creator" : ObjectId("56aa66be44aeb7c61ba42f4d"), 
    "status" : "open", 
    "id" : "57068fc8d16ce30e0070e084", 
    "date" : ISODate("2016-04-20T12:00:00.000+0000"), 
    "__v" : NumberInt(0)
}
{ 
    "_id" : ObjectId("5706917dd16ce30e0070e088"), 
    "_case" : ObjectId("56f042a0f9581a111152b3b4"), 
    "creator" : ObjectId("56aa66be44aeb7c61ba42f4d"), 
    "status" : "open", 
    "id" : "5706917dd16ce30e0070e087", 
    "date" : ISODate("2016-04-21T12:00:00.000+0000"), 
    "__v" : NumberInt(0)
}
{ 
    "_id" : ObjectId("57069713d16ce30e0070e08a"), 
    "_case" : ObjectId("56f042a0f9581a111152b3ae"), 
    "creator" : ObjectId("56aa66be44aeb7c61ba42f4d"), 
    "status" : "open", 
    "id" : "57069713d16ce30e0070e089", 
    "date" : ISODate("2016-04-22T12:00:00.000+0000"), 
    "__v" : NumberInt(0)
}
{ 
    "_id" : ObjectId("570699dfd16ce30e0070e08c"), 
    "_case" : ObjectId("56f0429ef9581a111152b384"), 
    "creator" : ObjectId("56aa66be44aeb7c61ba42f4d"), 
    "status" : "open", 
    "id" : "570699dfd16ce30e0070e08b", 
    "date" : ISODate("2016-04-22T12:00:00.000+0000"), 
    "__v" : NumberInt(0)
}
{ 
    "_id" : ObjectId("57069b0dd16ce30e0070e08f"), 
    "_case" : ObjectId("56f04292f9581a111152b274"), 
    "creator" : ObjectId("56aa66be44aeb7c61ba42f4d"), 
    "status" : "open", 
    "id" : "57069b0dd16ce30e0070e08e", 
    "date" : ISODate("2016-05-09T12:00:00.000+0000"), 
    "__v" : NumberInt(0)
}
{ 
    "_id" : ObjectId("5706a0b2d16ce30e0070e092"), 
    "_case" : ObjectId("56f0429af9581a111152b327"), 
    "creator" : ObjectId("56aa66be44aeb7c61ba42f4d"), 
    "status" : "open", 
    "id" : "5706a0b2d16ce30e0070e091", 
    "date" : ISODate("2016-04-26T12:00:00.000+0000"), 
    "__v" : NumberInt(0)
}
{ 
    "_id" : ObjectId("5706a476d16ce30e0070e094"), 
    "_case" : ObjectId("56f04290f9581a111152b237"), 
    "creator" : ObjectId("56aa66be44aeb7c61ba42f4d"), 
    "status" : "open", 
    "id" : "5706a476d16ce30e0070e093", 
    "date" : ISODate("2016-04-21T12:00:00.000+0000"), 
    "__v" : NumberInt(0)
}
{ 
    "_id" : ObjectId("5706a629d16ce30e0070e096"), 
    "_case" : ObjectId("56f0424ef9581a111152ac2f"), 
    "creator" : ObjectId("56aa66be44aeb7c61ba42f4d"), 
    "status" : "open", 
    "id" : "5706a629d16ce30e0070e095", 
    "date" : ISODate("2016-04-16T12:00:00.000+0000"), 
    "__v" : NumberInt(0)
}
{ 
    "_id" : ObjectId("5706a7acd16ce30e0070e099"), 
    "_case" : ObjectId("56f0429df9581a111152b368"), 
    "creator" : ObjectId("56aa66be44aeb7c61ba42f4d"), 
    "status" : "open", 
    "id" : "5706a7acd16ce30e0070e098", 
    "date" : ISODate("2016-04-16T12:00:00.000+0000"), 
    "__v" : NumberInt(0)
}
{ 
    "_id" : ObjectId("5706aa3ed16ce30e0070e09b"), 
    "_case" : ObjectId("56f0429ef9581a111152b386"), 
    "creator" : ObjectId("56aa66be44aeb7c61ba42f4d"), 
    "status" : "open", 
    "id" : "5706aa3ed16ce30e0070e09a", 
    "date" : ISODate("2016-04-16T12:00:00.000+0000"), 
    "__v" : NumberInt(0)
}
{ 
    "_id" : ObjectId("5706ab4be124af0e001e7045"), 
    "_case" : ObjectId("56f04150f9581a111152949b"), 
    "creator" : ObjectId("56aa66be44aeb7c61ba42f42"), 
    "status" : "open", 
    "id" : "5706ab4be124af0e001e7044", 
    "date" : ISODate("2016-04-16T12:00:00.000+0000"), 
    "__v" : NumberInt(0)
}
{ 
    "_id" : ObjectId("5706acb2e124af0e001e7047"), 
    "_case" : ObjectId("56f04294f9581a111152b296"), 
    "creator" : ObjectId("56aa66be44aeb7c61ba42f4d"), 
    "status" : "open", 
    "id" : "5706acb2e124af0e001e7046", 
    "date" : ISODate("2016-05-19T12:00:00.000+0000"), 
    "__v" : NumberInt(0)
}
{ 
    "_id" : ObjectId("5706ae2ee124af0e001e7049"), 
    "_case" : ObjectId("56f0425af9581a111152ad54"), 
    "creator" : ObjectId("56aa66be44aeb7c61ba42f4d"), 
    "status" : "open", 
    "id" : "5706ae2ee124af0e001e7048", 
    "date" : ISODate("2016-04-21T12:00:00.000+0000"), 
    "__v" : NumberInt(0)
}
{ 
    "_id" : ObjectId("5706af15e124af0e001e704b"), 
    "_case" : ObjectId("56f04249f9581a111152abb8"), 
    "creator" : ObjectId("56aa66be44aeb7c61ba42f4d"), 
    "status" : "open", 
    "id" : "5706af15e124af0e001e704a", 
    "date" : ISODate("2016-05-05T12:00:00.000+0000"), 
    "__v" : NumberInt(0)
}
{ 
    "_id" : ObjectId("5706afb4e124af0e001e704f"), 
    "_case" : ObjectId("56f0427cf9581a111152b068"), 
    "creator" : ObjectId("56aa66be44aeb7c61ba42f4d"), 
    "status" : "open", 
    "id" : "5706afb4e124af0e001e704e", 
    "date" : ISODate("2016-04-16T12:00:00.000+0000"), 
    "__v" : NumberInt(0)
}
{ 
    "_id" : ObjectId("5706b092e124af0e001e7051"), 
    "_case" : ObjectId("56f0426ef9581a111152af24"), 
    "creator" : ObjectId("56aa66be44aeb7c61ba42f4d"), 
    "status" : "open", 
    "id" : "5706b091e124af0e001e7050", 
    "date" : ISODate("2016-04-21T12:00:00.000+0000"), 
    "__v" : NumberInt(0)
}
{ 
    "_id" : ObjectId("5706be91e124af0e001e7055"), 
    "_case" : ObjectId("56f0426ef9581a111152af2d"), 
    "creator" : ObjectId("56aa66be44aeb7c61ba42f4d"), 
    "status" : "open", 
    "id" : "5706be91e124af0e001e7054", 
    "date" : ISODate("2016-05-05T12:00:00.000+0000"), 
    "__v" : NumberInt(0)
}
{ 
    "_id" : ObjectId("5706c16ce124af0e001e7058"), 
    "_case" : ObjectId("56f0427ef9581a111152b08d"), 
    "creator" : ObjectId("56aa66be44aeb7c61ba42f4d"), 
    "status" : "open", 
    "id" : "5706c16ce124af0e001e7057", 
    "date" : ISODate("2016-04-16T12:00:00.000+0000"), 
    "__v" : NumberInt(0)
}
{ 
    "_id" : ObjectId("5706c524e124af0e001e705c"), 
    "_case" : ObjectId("56f0424af9581a111152abd1"), 
    "creator" : ObjectId("56aa66be44aeb7c61ba42f4d"), 
    "status" : "open", 
    "id" : "5706c524e124af0e001e705b", 
    "date" : ISODate("2016-04-21T12:00:00.000+0000"), 
    "__v" : NumberInt(0)
}
{ 
    "_id" : ObjectId("5706c7c3e124af0e001e7060"), 
    "_case" : ObjectId("56f0426bf9581a111152aed4"), 
    "creator" : ObjectId("56aa66be44aeb7c61ba42f4d"), 
    "status" : "open", 
    "id" : "5706c7c3e124af0e001e705f", 
    "date" : ISODate("2016-05-05T12:00:00.000+0000"), 
    "__v" : NumberInt(0)
}
{ 
    "_id" : ObjectId("5706cba1e124af0e001e7063"), 
    "_case" : ObjectId("56f04267f9581a111152ae7e"), 
    "creator" : ObjectId("56aa66be44aeb7c61ba42f4d"), 
    "status" : "open", 
    "id" : "5706cba1e124af0e001e7062", 
    "date" : ISODate("2016-04-16T12:00:00.000+0000"), 
    "__v" : NumberInt(0)
}
{ 
    "_id" : ObjectId("5706d5ede124af0e001e7066"), 
    "_case" : ObjectId("56f0425af9581a111152ad54"), 
    "creator" : ObjectId("56aa66be44aeb7c61ba42f4d"), 
    "status" : "open", 
    "id" : "5706d5ede124af0e001e7065", 
    "date" : ISODate("2016-04-26T12:00:00.000+0000"), 
    "__v" : NumberInt(0)
}
{ 
    "_id" : ObjectId("5706dcb6e124af0e001e7075"), 
    "_case" : ObjectId("56f04271f9581a111152af6a"), 
    "creator" : ObjectId("56aa66be44aeb7c61ba42f4d"), 
    "status" : "open", 
    "id" : "5706dcb6e124af0e001e7074", 
    "date" : ISODate("2016-05-13T12:00:00.000+0000"), 
    "__v" : NumberInt(0)
}
{ 
    "_id" : ObjectId("5706dd7de124af0e001e707a"), 
    "_case" : ObjectId("57056f0c5990b20e004e0fda"), 
    "creator" : ObjectId("56aa66be44aeb7c61ba42f4d"), 
    "status" : "open", 
    "id" : "5706dd7de124af0e001e7079", 
    "date" : ISODate("2016-04-21T12:00:00.000+0000"), 
    "__v" : NumberInt(0)
}
{ 
    "_id" : ObjectId("5706de0fe124af0e001e707f"), 
    "_case" : ObjectId("570565a05990b20e004e0fcb"), 
    "creator" : ObjectId("56aa66be44aeb7c61ba42f4d"), 
    "status" : "open", 
    "id" : "5706de0fe124af0e001e707e", 
    "date" : ISODate("2016-04-21T12:00:00.000+0000"), 
    "__v" : NumberInt(0)
}
{ 
    "_id" : ObjectId("5706de80e124af0e001e7081"), 
    "_case" : ObjectId("570564c65990b20e004e0fca"), 
    "creator" : ObjectId("56aa66be44aeb7c61ba42f4d"), 
    "status" : "open", 
    "id" : "5706de80e124af0e001e7080", 
    "date" : ISODate("2016-04-16T12:00:00.000+0000"), 
    "__v" : NumberInt(0)
}
{ 
    "_id" : ObjectId("5706df04e124af0e001e7083"), 
    "_case" : ObjectId("5705624d5990b20e004e0fc5"), 
    "creator" : ObjectId("56aa66be44aeb7c61ba42f4d"), 
    "status" : "open", 
    "id" : "5706df04e124af0e001e7082", 
    "date" : ISODate("2016-04-21T12:00:00.000+0000"), 
    "__v" : NumberInt(0)
}
{ 
    "_id" : ObjectId("5706e56ce124af0e001e7085"), 
    "_case" : ObjectId("56f042a6f9581a111152b446"), 
    "creator" : ObjectId("56aa66be44aeb7c61ba42f4d"), 
    "status" : "open", 
    "id" : "5706e56ce124af0e001e7084", 
    "date" : ISODate("2016-04-16T12:00:00.000+0000"), 
    "__v" : NumberInt(0)
}
{ 
    "_id" : ObjectId("5706e815e124af0e001e7087"), 
    "_case" : ObjectId("56f0428cf9581a111152b1e1"), 
    "creator" : ObjectId("56aa66be44aeb7c61ba42f4d"), 
    "status" : "open", 
    "id" : "5706e815e124af0e001e7086", 
    "date" : ISODate("2016-04-21T12:00:00.000+0000"), 
    "__v" : NumberInt(0)
}
{ 
    "_id" : ObjectId("5706e87ee124af0e001e7089"), 
    "_case" : ObjectId("56f0428cf9581a111152b1e1"), 
    "creator" : ObjectId("56aa66be44aeb7c61ba42f4d"), 
    "status" : "open", 
    "id" : "5706e87de124af0e001e7088", 
    "date" : ISODate("2016-04-21T12:00:00.000+0000"), 
    "__v" : NumberInt(0)
}
{ 
    "_id" : ObjectId("5706e96ae124af0e001e708b"), 
    "_case" : ObjectId("56f04229f9581a111152a8c9"), 
    "creator" : ObjectId("56aa66be44aeb7c61ba42f4d"), 
    "status" : "open", 
    "id" : "5706e96ae124af0e001e708a", 
    "date" : ISODate("2016-04-16T12:00:00.000+0000"), 
    "__v" : NumberInt(0)
}
{ 
    "_id" : ObjectId("5707d54ae124af0e001e708e"), 
    "_case" : ObjectId("56f0427cf9581a111152b068"), 
    "creator" : ObjectId("56aa66be44aeb7c61ba42f4d"), 
    "status" : "open", 
    "id" : "5707d54ae124af0e001e708d", 
    "date" : ISODate("2016-05-19T12:00:00.000+0000"), 
    "__v" : NumberInt(0)
}
{ 
    "_id" : ObjectId("5707d687e124af0e001e7090"), 
    "_case" : ObjectId("56f04265f9581a111152ae48"), 
    "creator" : ObjectId("56aa66be44aeb7c61ba42f4d"), 
    "status" : "open", 
    "id" : "5707d687e124af0e001e708f", 
    "date" : ISODate("2016-05-03T12:00:00.000+0000"), 
    "__v" : NumberInt(0)
}
{ 
    "_id" : ObjectId("5707dbde6d10cb0e00bfb23a"), 
    "_case" : ObjectId("56f0425cf9581a111152ad73"), 
    "creator" : ObjectId("56aa66be44aeb7c61ba42f4d"), 
    "status" : "open", 
    "id" : "5707dbde6d10cb0e00bfb239", 
    "date" : ISODate("2016-04-16T12:00:00.000+0000"), 
    "__v" : NumberInt(0)
}
{ 
    "_id" : ObjectId("5707df1d6d10cb0e00bfb23d"), 
    "_case" : ObjectId("56f0429df9581a111152b36b"), 
    "creator" : ObjectId("56aa66be44aeb7c61ba42f4d"), 
    "status" : "open", 
    "id" : "5707df1d6d10cb0e00bfb23c", 
    "date" : ISODate("2016-04-22T12:00:00.000+0000"), 
    "__v" : NumberInt(0)
}
{ 
    "_id" : ObjectId("5707f2aa4b4a110e00cc7889"), 
    "_case" : ObjectId("56f04287f9581a111152b178"), 
    "creator" : ObjectId("56aa66be44aeb7c61ba42f4d"), 
    "status" : "open", 
    "id" : "5707f2aa4b4a110e00cc7888", 
    "date" : ISODate("2016-04-22T12:00:00.000+0000"), 
    "__v" : NumberInt(0)
}
{ 
    "_id" : ObjectId("5707f7f94b4a110e00cc788b"), 
    "_case" : ObjectId("56f04282f9581a111152b0fa"), 
    "creator" : ObjectId("56aa66be44aeb7c61ba42f4d"), 
    "status" : "open", 
    "id" : "5707f7f84b4a110e00cc788a", 
    "date" : ISODate("2016-04-22T12:00:00.000+0000"), 
    "__v" : NumberInt(0)
}
{ 
    "_id" : ObjectId("5707fa9e4b4a110e00cc788e"), 
    "_case" : ObjectId("56f0424ef9581a111152ac2f"), 
    "creator" : ObjectId("56aa66be44aeb7c61ba42f4d"), 
    "status" : "open", 
    "id" : "5707fa9e4b4a110e00cc788d", 
    "date" : ISODate("2016-05-02T12:00:00.000+0000"), 
    "__v" : NumberInt(0)
}
{ 
    "_id" : ObjectId("570816bed3477e1700e23f23"), 
    "_case" : ObjectId("56f04286f9581a111152b14b"), 
    "creator" : ObjectId("56aa66be44aeb7c61ba42f4d"), 
    "status" : "open", 
    "id" : "570816bed3477e1700e23f22", 
    "date" : ISODate("2016-04-16T12:00:00.000+0000"), 
    "__v" : NumberInt(0)
}
{ 
    "_id" : ObjectId("57081c7cd3477e1700e23f2b"), 
    "_case" : ObjectId("56f04260f9581a111152ade0"), 
    "creator" : ObjectId("56aa66be44aeb7c61ba42f4d"), 
    "status" : "open", 
    "id" : "57081c7cd3477e1700e23f2a", 
    "date" : ISODate("2016-04-22T12:00:00.000+0000"), 
    "__v" : NumberInt(0)
}
{ 
    "_id" : ObjectId("57083289d3477e1700e23f36"), 
    "_case" : ObjectId("56f04226f9581a111152a889"), 
    "creator" : ObjectId("56aa66be44aeb7c61ba42f4d"), 
    "status" : "open", 
    "id" : "57083289d3477e1700e23f35", 
    "date" : ISODate("2016-04-22T12:00:00.000+0000"), 
    "__v" : NumberInt(0)
}
{ 
    "_id" : ObjectId("570835cbd3477e1700e23f38"), 
    "_case" : ObjectId("56f042a2f9581a111152b3e5"), 
    "creator" : ObjectId("56aa66be44aeb7c61ba42f4d"), 
    "status" : "open", 
    "id" : "570835cbd3477e1700e23f37", 
    "date" : ISODate("2016-04-22T12:00:00.000+0000"), 
    "__v" : NumberInt(0)
}
{ 
    "_id" : ObjectId("5708373dd3477e1700e23f3a"), 
    "_case" : ObjectId("56f042aaf9581a111152b49b"), 
    "creator" : ObjectId("56aa66be44aeb7c61ba42f4d"), 
    "status" : "open", 
    "id" : "5708373dd3477e1700e23f39", 
    "date" : ISODate("2016-04-16T12:00:00.000+0000"), 
    "__v" : NumberInt(0)
}
{ 
    "_id" : ObjectId("5708393bd3477e1700e23f3c"), 
    "_case" : ObjectId("56f0428ef9581a111152b20b"), 
    "creator" : ObjectId("56aa66be44aeb7c61ba42f4d"), 
    "status" : "open", 
    "id" : "5708393bd3477e1700e23f3b", 
    "date" : ISODate("2016-05-09T12:00:00.000+0000"), 
    "__v" : NumberInt(0)
}
{ 
    "_id" : ObjectId("57083a03d3477e1700e23f3e"), 
    "_case" : ObjectId("56f04268f9581a111152ae96"), 
    "creator" : ObjectId("56aa66be44aeb7c61ba42f4d"), 
    "status" : "open", 
    "id" : "57083a03d3477e1700e23f3d", 
    "date" : ISODate("2016-04-22T12:00:00.000+0000"), 
    "__v" : NumberInt(0)
}
{ 
    "_id" : ObjectId("57083aa0d3477e1700e23f40"), 
    "_case" : ObjectId("56f04249f9581a111152abb5"), 
    "creator" : ObjectId("56aa66be44aeb7c61ba42f4d"), 
    "status" : "open", 
    "id" : "57083aa0d3477e1700e23f3f", 
    "date" : ISODate("2016-05-06T12:00:00.000+0000"), 
    "__v" : NumberInt(0)
}
{ 
    "_id" : ObjectId("57083b65d3477e1700e23f44"), 
    "_case" : ObjectId("56f04282f9581a111152b0ef"), 
    "creator" : ObjectId("56aa66be44aeb7c61ba42f4d"), 
    "status" : "open", 
    "id" : "57083b65d3477e1700e23f43", 
    "date" : ISODate("2016-05-18T12:00:00.000+0000"), 
    "__v" : NumberInt(0)
}
{ 
    "_id" : ObjectId("57083c66d3477e1700e23f46"), 
    "_case" : ObjectId("56f04265f9581a111152ae49"), 
    "creator" : ObjectId("56aa66be44aeb7c61ba42f4d"), 
    "status" : "open", 
    "id" : "57083c66d3477e1700e23f45", 
    "date" : ISODate("2016-05-13T12:00:00.000+0000"), 
    "__v" : NumberInt(0)
}
{ 
    "_id" : ObjectId("57083d9ad3477e1700e23f49"), 
    "_case" : ObjectId("56f0426cf9581a111152aef3"), 
    "creator" : ObjectId("56aa66be44aeb7c61ba42f4d"), 
    "status" : "open", 
    "id" : "57083d9ad3477e1700e23f48", 
    "date" : ISODate("2016-05-06T12:00:00.000+0000"), 
    "__v" : NumberInt(0)
}
{ 
    "_id" : ObjectId("570a8ee0d8839c0e003332b9"), 
    "_case" : ObjectId("56f042a2f9581a111152b3ed"), 
    "creator" : ObjectId("56aa66be44aeb7c61ba42f4d"), 
    "status" : "open", 
    "id" : "570a8edfd8839c0e003332b8", 
    "date" : ISODate("2016-04-25T12:00:00.000+0000"), 
    "__v" : NumberInt(0)
}
{ 
    "_id" : ObjectId("570a9059d8839c0e003332bb"), 
    "_case" : ObjectId("56f0425ff9581a111152adc3"), 
    "creator" : ObjectId("56aa66be44aeb7c61ba42f4d"), 
    "status" : "open", 
    "id" : "570a9059d8839c0e003332ba", 
    "date" : ISODate("2016-04-25T12:00:00.000+0000"), 
    "__v" : NumberInt(0)
}
{ 
    "_id" : ObjectId("570a935cd8839c0e003332bd"), 
    "_case" : ObjectId("56f04298f9581a111152b301"), 
    "creator" : ObjectId("56aa66be44aeb7c61ba42f4d"), 
    "status" : "open", 
    "id" : "570a935cd8839c0e003332bc", 
    "date" : ISODate("2016-04-16T12:00:00.000+0000"), 
    "__v" : NumberInt(0)
}
{ 
    "_id" : ObjectId("570a9538d8839c0e003332bf"), 
    "_case" : ObjectId("56f042a7f9581a111152b44e"), 
    "creator" : ObjectId("56aa66be44aeb7c61ba42f4d"), 
    "status" : "open", 
    "id" : "570a9538d8839c0e003332be", 
    "date" : ISODate("2016-04-22T12:00:00.000+0000"), 
    "__v" : NumberInt(0)
}
{ 
    "_id" : ObjectId("570a9756d8839c0e003332c1"), 
    "_case" : ObjectId("56f042a6f9581a111152b443"), 
    "creator" : ObjectId("56aa66be44aeb7c61ba42f4d"), 
    "status" : "open", 
    "id" : "570a9756d8839c0e003332c0", 
    "date" : ISODate("2016-04-16T12:00:00.000+0000"), 
    "__v" : NumberInt(0)
}
{ 
    "_id" : ObjectId("570a9909d8839c0e003332c3"), 
    "_case" : ObjectId("56f0423ff9581a111152aac8"), 
    "creator" : ObjectId("56aa66be44aeb7c61ba42f4d"), 
    "status" : "open", 
    "id" : "570a9909d8839c0e003332c2", 
    "date" : ISODate("2016-04-25T12:00:00.000+0000"), 
    "__v" : NumberInt(0)
}
{ 
    "_id" : ObjectId("570a9b0bd8839c0e003332c5"), 
    "_case" : ObjectId("56f0426ff9581a111152af44"), 
    "creator" : ObjectId("56aa66be44aeb7c61ba42f4d"), 
    "status" : "open", 
    "id" : "570a9b0bd8839c0e003332c4", 
    "date" : ISODate("2016-04-25T12:00:00.000+0000"), 
    "__v" : NumberInt(0)
}
{ 
    "_id" : ObjectId("570bce754899990e00e826c9"), 
    "_case" : ObjectId("56f0427df9581a111152b089"), 
    "creator" : ObjectId("56aa66be44aeb7c61ba42f4d"), 
    "status" : "open", 
    "id" : "570bce754899990e00e826c8", 
    "date" : ISODate("2016-04-25T12:00:00.000+0000"), 
    "__v" : NumberInt(0)
}
{ 
    "_id" : ObjectId("570bda9093c2260e00be4e85"), 
    "_case" : ObjectId("56f9aae4a3ae7e290003e2f0"), 
    "creator" : ObjectId("56aa66be44aeb7c61ba42f4d"), 
    "status" : "open", 
    "id" : "570bda9093c2260e00be4e84", 
    "date" : ISODate("2016-04-16T12:00:00.000+0000"), 
    "__v" : NumberInt(0)
}
{ 
    "_id" : ObjectId("570be10593c2260e00be4e89"), 
    "_case" : ObjectId("56f0427ef9581a111152b08d"), 
    "creator" : ObjectId("56aa66be44aeb7c61ba42f4d"), 
    "status" : "open", 
    "id" : "570be10593c2260e00be4e88", 
    "date" : ISODate("2016-04-16T12:00:00.000+0000"), 
    "__v" : NumberInt(0)
}
{ 
    "_id" : ObjectId("570be86893c2260e00be4e93"), 
    "_case" : ObjectId("57054b255990b20e004e0fb9"), 
    "creator" : ObjectId("56aa66be44aeb7c61ba42f4d"), 
    "status" : "open", 
    "id" : "570be86893c2260e00be4e92", 
    "date" : ISODate("2016-04-16T12:00:00.000+0000"), 
    "__v" : NumberInt(0)
}
{ 
    "_id" : ObjectId("570bebd993c2260e00be4e97"), 
    "_case" : ObjectId("5705590d5990b20e004e0fc2"), 
    "creator" : ObjectId("56aa66be44aeb7c61ba42f4d"), 
    "status" : "open", 
    "id" : "570bebd993c2260e00be4e96", 
    "date" : ISODate("2016-05-12T12:00:00.000+0000"), 
    "__v" : NumberInt(0)
}
{ 
    "_id" : ObjectId("570bfe0093c2260e00be4ea3"), 
    "_case" : ObjectId("56f0429ef9581a111152b386"), 
    "creator" : ObjectId("56aa66be44aeb7c61ba42f4d"), 
    "status" : "open", 
    "id" : "570bfe0093c2260e00be4ea2", 
    "date" : ISODate("2016-04-25T12:00:00.000+0000"), 
    "__v" : NumberInt(0)
}
{ 
    "_id" : ObjectId("570c017793c2260e00be4ea8"), 
    "_case" : ObjectId("56f042a2f9581a111152b3ea"), 
    "creator" : ObjectId("56aa66be44aeb7c61ba42f4d"), 
    "status" : "open", 
    "id" : "570c017793c2260e00be4ea7", 
    "date" : ISODate("2016-04-16T12:00:00.000+0000"), 
    "__v" : NumberInt(0)
}
{ 
    "_id" : ObjectId("570c067593c2260e00be4ead"), 
    "_case" : ObjectId("56f0426bf9581a111152aed7"), 
    "creator" : ObjectId("56aa66be44aeb7c61ba42f4d"), 
    "status" : "open", 
    "id" : "570c067593c2260e00be4eac", 
    "date" : ISODate("2016-04-29T12:00:00.000+0000"), 
    "__v" : NumberInt(0)
}
{ 
    "_id" : ObjectId("570c097793c2260e00be4eb1"), 
    "_case" : ObjectId("56f0428bf9581a111152b1c5"), 
    "creator" : ObjectId("56aa66be44aeb7c61ba42f4d"), 
    "status" : "open", 
    "id" : "570c097793c2260e00be4eb0", 
    "date" : ISODate("2016-04-16T12:00:00.000+0000"), 
    "__v" : NumberInt(0)
}
{ 
    "_id" : ObjectId("570c0c8a93c2260e00be4eb6"), 
    "_case" : ObjectId("56f042aaf9581a111152b4a7"), 
    "creator" : ObjectId("56aa66be44aeb7c61ba42f4d"), 
    "status" : "open", 
    "id" : "570c0c8a93c2260e00be4eb5", 
    "date" : ISODate("2016-04-16T12:00:00.000+0000"), 
    "__v" : NumberInt(0)
}
{ 
    "_id" : ObjectId("570c134c93c2260e00be4eb8"), 
    "_case" : ObjectId("56f04289f9581a111152b193"), 
    "creator" : ObjectId("56aa66be44aeb7c61ba42f4d"), 
    "status" : "open", 
    "id" : "570c134c93c2260e00be4eb7", 
    "date" : ISODate("2016-04-25T12:00:00.000+0000"), 
    "__v" : NumberInt(0)
}
{ 
    "_id" : ObjectId("570c167093c2260e00be4eba"), 
    "_case" : ObjectId("57054b255990b20e004e0fb9"), 
    "creator" : ObjectId("56aa66be44aeb7c61ba42f4d"), 
    "status" : "open", 
    "id" : "570c167093c2260e00be4eb9", 
    "date" : ISODate("2016-04-25T12:00:00.000+0000"), 
    "__v" : NumberInt(0)
}
{ 
    "_id" : ObjectId("570d152593c2260e00be4ec5"), 
    "_case" : ObjectId("56f0427ef9581a111152b0a1"), 
    "creator" : ObjectId("56aa66be44aeb7c61ba42f4d"), 
    "status" : "open", 
    "id" : "570d152593c2260e00be4ec4", 
    "date" : ISODate("2016-04-26T12:00:00.000+0000"), 
    "__v" : NumberInt(0)
}
{ 
    "_id" : ObjectId("570d1e6093c2260e00be4ec8"), 
    "_case" : ObjectId("56f04222f9581a111152a81b"), 
    "creator" : ObjectId("56aa66be44aeb7c61ba42f4d"), 
    "status" : "open", 
    "id" : "570d1e6093c2260e00be4ec7", 
    "date" : ISODate("2016-04-26T12:00:00.000+0000"), 
    "__v" : NumberInt(0)
}
{ 
    "_id" : ObjectId("570d209693c2260e00be4ecc"), 
    "_case" : ObjectId("56f0427ef9581a111152b08e"), 
    "creator" : ObjectId("56aa66be44aeb7c61ba42f4d"), 
    "status" : "open", 
    "id" : "570d209693c2260e00be4ecb", 
    "date" : ISODate("2016-04-26T12:00:00.000+0000"), 
    "__v" : NumberInt(0)
}
{ 
    "_id" : ObjectId("570d2f83e041360e0035166a"), 
    "_case" : ObjectId("56f0425af9581a111152ad55"), 
    "creator" : ObjectId("56aa66be44aeb7c61ba42f4d"), 
    "status" : "open", 
    "id" : "570d2f83e041360e00351669", 
    "date" : ISODate("2016-04-26T12:00:00.000+0000"), 
    "__v" : NumberInt(0)
}
{ 
    "_id" : ObjectId("570d3409e041360e0035166c"), 
    "_case" : ObjectId("56f04259f9581a111152ad30"), 
    "creator" : ObjectId("56aa66be44aeb7c61ba42f4d"), 
    "status" : "open", 
    "id" : "570d3409e041360e0035166b", 
    "date" : ISODate("2016-04-26T12:00:00.000+0000"), 
    "__v" : NumberInt(0)
}
{ 
    "_id" : ObjectId("570d3b3ee041360e00351674"), 
    "_case" : ObjectId("56f04286f9581a111152b14b"), 
    "creator" : ObjectId("56aa66be44aeb7c61ba42f4d"), 
    "status" : "open", 
    "id" : "570d3b3ee041360e00351673", 
    "date" : ISODate("2016-04-16T12:00:00.000+0000"), 
    "__v" : NumberInt(0)
}
{ 
    "_id" : ObjectId("570d3b8ae041360e00351678"), 
    "_case" : ObjectId("56f04252f9581a111152ac9a"), 
    "creator" : ObjectId("56aa66be44aeb7c61ba42f4d"), 
    "status" : "open", 
    "id" : "570d3b8ae041360e00351677", 
    "date" : ISODate("2016-04-16T12:00:00.000+0000"), 
    "__v" : NumberInt(0)
}
{ 
    "_id" : ObjectId("570d3cabe041360e0035167a"), 
    "_case" : ObjectId("56f04288f9581a111152b190"), 
    "creator" : ObjectId("56aa66be44aeb7c61ba42f4d"), 
    "status" : "open", 
    "id" : "570d3cabe041360e00351679", 
    "date" : ISODate("2016-05-03T12:00:00.000+0000"), 
    "__v" : NumberInt(0)
}
{ 
    "_id" : ObjectId("570d3e1fe041360e0035167d"), 
    "_case" : ObjectId("56f0425cf9581a111152ad73"), 
    "creator" : ObjectId("56aa66be44aeb7c61ba42f4d"), 
    "status" : "open", 
    "id" : "570d3e1fe041360e0035167c", 
    "date" : ISODate("2016-04-16T12:00:00.000+0000"), 
    "__v" : NumberInt(0)
}
{ 
    "_id" : ObjectId("570d4134e041360e00351683"), 
    "_case" : ObjectId("56f042a1f9581a111152b3c4"), 
    "creator" : ObjectId("56aa66be44aeb7c61ba42f4d"), 
    "status" : "open", 
    "id" : "570d4134e041360e00351682", 
    "date" : ISODate("2016-05-03T12:00:00.000+0000"), 
    "__v" : NumberInt(0)
}
{ 
    "_id" : ObjectId("570d5377e041360e00351690"), 
    "_case" : ObjectId("56f0428bf9581a111152b1d5"), 
    "creator" : ObjectId("56aa66be44aeb7c61ba42f4d"), 
    "status" : "open", 
    "id" : "570d5377e041360e0035168f", 
    "date" : ISODate("2016-04-26T12:00:00.000+0000"), 
    "__v" : NumberInt(0)
}
{ 
    "_id" : ObjectId("570d5440e041360e00351692"), 
    "_case" : ObjectId("56f0428af9581a111152b1b5"), 
    "creator" : ObjectId("56aa66be44aeb7c61ba42f4d"), 
    "status" : "open", 
    "id" : "570d5440e041360e00351691", 
    "date" : ISODate("2016-04-19T12:00:00.000+0000"), 
    "__v" : NumberInt(0)
}
{ 
    "_id" : ObjectId("570d54d9e041360e00351694"), 
    "_case" : ObjectId("56f041d1f9581a111152a091"), 
    "creator" : ObjectId("56aa66be44aeb7c61ba42f4d"), 
    "status" : "open", 
    "id" : "570d54d9e041360e00351693", 
    "date" : ISODate("2016-04-16T12:00:00.000+0000"), 
    "__v" : NumberInt(0)
}
{ 
    "_id" : ObjectId("570d5a5de041360e00351698"), 
    "_case" : ObjectId("56f042a2f9581a111152b3ec"), 
    "creator" : ObjectId("56aa66be44aeb7c61ba42f4d"), 
    "status" : "open", 
    "id" : "570d5a5de041360e00351697", 
    "date" : ISODate("2016-04-26T12:00:00.000+0000"), 
    "__v" : NumberInt(0)
}
{ 
    "_id" : ObjectId("570d5c30e041360e0035169a"), 
    "_case" : ObjectId("56f04239f9581a111152aa4a"), 
    "creator" : ObjectId("56aa66be44aeb7c61ba42f4d"), 
    "status" : "open", 
    "id" : "570d5c30e041360e00351699", 
    "date" : ISODate("2016-04-16T12:00:00.000+0000"), 
    "__v" : NumberInt(0)
}
{ 
    "_id" : ObjectId("570d5d0fe041360e0035169c"), 
    "_case" : ObjectId("56f04298f9581a111152b301"), 
    "creator" : ObjectId("56aa66be44aeb7c61ba42f4d"), 
    "status" : "open", 
    "id" : "570d5d0fe041360e0035169b", 
    "date" : ISODate("2016-04-16T12:00:00.000+0000"), 
    "__v" : NumberInt(0)
}
{ 
    "_id" : ObjectId("570d5e6ce041360e0035169e"), 
    "_case" : ObjectId("56f042abf9581a111152b4b2"), 
    "creator" : ObjectId("56aa66be44aeb7c61ba42f4d"), 
    "status" : "open", 
    "id" : "570d5e6ce041360e0035169d", 
    "date" : ISODate("2016-04-16T12:00:00.000+0000"), 
    "__v" : NumberInt(0)
}
{ 
    "_id" : ObjectId("570d6624e041360e003516a0"), 
    "_case" : ObjectId("56f042aaf9581a111152b4a7"), 
    "creator" : ObjectId("56aa66be44aeb7c61ba42f4d"), 
    "status" : "open", 
    "id" : "570d6624e041360e0035169f", 
    "date" : ISODate("2016-05-16T12:00:00.000+0000"), 
    "__v" : NumberInt(0)
}
{ 
    "_id" : ObjectId("570d6740e041360e003516a2"), 
    "_case" : ObjectId("56f04285f9581a111152b148"), 
    "creator" : ObjectId("56aa66be44aeb7c61ba42f4d"), 
    "status" : "open", 
    "id" : "570d6740e041360e003516a1", 
    "date" : ISODate("2016-04-16T12:00:00.000+0000"), 
    "__v" : NumberInt(0)
}
{ 
    "_id" : ObjectId("570d6cf5e041360e003516ab"), 
    "_case" : ObjectId("56f04278f9581a111152b013"), 
    "creator" : ObjectId("56aa66be44aeb7c61ba42f4d"), 
    "status" : "open", 
    "id" : "570d6cf5e041360e003516aa", 
    "date" : ISODate("2016-04-18T12:00:00.000+0000"), 
    "__v" : NumberInt(0)
}
{ 
    "_id" : ObjectId("570d6ddbe041360e003516ae"), 
    "_case" : ObjectId("56f04271f9581a111152af71"), 
    "creator" : ObjectId("56aa66be44aeb7c61ba42f4d"), 
    "status" : "open", 
    "id" : "570d6ddbe041360e003516ad", 
    "date" : ISODate("2016-05-03T12:00:00.000+0000"), 
    "__v" : NumberInt(0)
}
{ 
    "_id" : ObjectId("570d6f68e041360e003516b4"), 
    "_case" : ObjectId("56f0427ef9581a111152b08e"), 
    "creator" : ObjectId("56aa66be44aeb7c61ba42f4d"), 
    "status" : "open", 
    "id" : "570d6f68e041360e003516b3", 
    "date" : ISODate("2016-04-26T12:00:00.000+0000"), 
    "__v" : NumberInt(0)
}
{ 
    "_id" : ObjectId("570d717ce041360e003516b6"), 
    "_case" : ObjectId("56f04238f9581a111152aa35"), 
    "creator" : ObjectId("56aa66be44aeb7c61ba42f4d"), 
    "status" : "open", 
    "id" : "570d717ce041360e003516b5", 
    "date" : ISODate("2016-06-03T12:00:00.000+0000"), 
    "__v" : NumberInt(0)
}
{ 
    "_id" : ObjectId("570d780be041360e003516b9"), 
    "_case" : ObjectId("56f042abf9581a111152b4b0"), 
    "creator" : ObjectId("56aa66be44aeb7c61ba42f4d"), 
    "status" : "open", 
    "id" : "570d780be041360e003516b8", 
    "date" : ISODate("2016-04-25T12:00:00.000+0000"), 
    "__v" : NumberInt(0)
}
{ 
    "_id" : ObjectId("570d7979e041360e003516bb"), 
    "_case" : ObjectId("56f04294f9581a111152b2aa"), 
    "creator" : ObjectId("56aa66be44aeb7c61ba42f4d"), 
    "status" : "open", 
    "id" : "570d7979e041360e003516ba", 
    "date" : ISODate("2016-04-16T12:00:00.000+0000"), 
    "__v" : NumberInt(0)
}
{ 
    "_id" : ObjectId("570d7b03e041360e003516bd"), 
    "_case" : ObjectId("570564c65990b20e004e0fca"), 
    "creator" : ObjectId("56aa66be44aeb7c61ba42f4d"), 
    "status" : "open", 
    "id" : "570d7b03e041360e003516bc", 
    "date" : ISODate("2016-04-18T12:00:00.000+0000"), 
    "__v" : NumberInt(0)
}
{ 
    "_id" : ObjectId("570d7c9de041360e003516bf"), 
    "_case" : ObjectId("56f04229f9581a111152a8c9"), 
    "creator" : ObjectId("56aa66be44aeb7c61ba42f4d"), 
    "status" : "open", 
    "id" : "570d7c9de041360e003516be", 
    "date" : ISODate("2016-04-16T12:00:00.000+0000"), 
    "__v" : NumberInt(0)
}
{ 
    "_id" : ObjectId("570d7ddde041360e003516c1"), 
    "_case" : ObjectId("56f04281f9581a111152b0e4"), 
    "creator" : ObjectId("56aa66be44aeb7c61ba42f4d"), 
    "status" : "open", 
    "id" : "570d7ddde041360e003516c0", 
    "date" : ISODate("2016-04-16T12:00:00.000+0000"), 
    "__v" : NumberInt(0)
}
{ 
    "_id" : ObjectId("570d7f1ae041360e003516c3"), 
    "_case" : ObjectId("56f0429bf9581a111152b34b"), 
    "creator" : ObjectId("56aa66be44aeb7c61ba42f4d"), 
    "status" : "open", 
    "id" : "570d7f1ae041360e003516c2", 
    "date" : ISODate("2016-04-16T12:00:00.000+0000"), 
    "__v" : NumberInt(0)
}
{ 
    "_id" : ObjectId("570d7ff1e041360e003516c5"), 
    "_case" : ObjectId("56f042a0f9581a111152b3ad"), 
    "creator" : ObjectId("56aa66be44aeb7c61ba42f4d"), 
    "status" : "open", 
    "id" : "570d7ff1e041360e003516c4", 
    "date" : ISODate("2016-05-24T12:00:00.000+0000"), 
    "__v" : NumberInt(0)
}
{ 
    "_id" : ObjectId("570d80e9e041360e003516c7"), 
    "_case" : ObjectId("56f042abf9581a111152b4af"), 
    "creator" : ObjectId("56aa66be44aeb7c61ba42f4d"), 
    "status" : "open", 
    "id" : "570d80e9e041360e003516c6", 
    "date" : ISODate("2016-04-26T12:00:00.000+0000"), 
    "__v" : NumberInt(0)
}
{ 
    "_id" : ObjectId("570dd30d2c76030e00f5cc8e"), 
    "_case" : ObjectId("56f04239f9581a111152aa4a"), 
    "creator" : ObjectId("56aa66be44aeb7c61ba42f42"), 
    "status" : "open", 
    "id" : "570dd30d2c76030e00f5cc8d", 
    "date" : ISODate("2016-04-16T12:00:00.000+0000"), 
    "__v" : NumberInt(0)
}
{ 
    "_id" : ObjectId("570e77172c76030e00f5cc90"), 
    "_case" : ObjectId("56f0427ef9581a111152b08d"), 
    "creator" : ObjectId("56aa66be44aeb7c61ba42f4d"), 
    "status" : "open", 
    "id" : "570e77172c76030e00f5cc8f", 
    "date" : ISODate("2016-04-16T12:00:00.000+0000"), 
    "__v" : NumberInt(0)
}
{ 
    "_id" : ObjectId("570e77972c76030e00f5cc92"), 
    "_case" : ObjectId("56f04229f9581a111152a8c9"), 
    "creator" : ObjectId("56aa66be44aeb7c61ba42f4d"), 
    "status" : "open", 
    "id" : "570e77972c76030e00f5cc91", 
    "date" : ISODate("2016-04-16T12:00:00.000+0000"), 
    "__v" : NumberInt(0)
}
{ 
    "_id" : ObjectId("570e7bad2c76030e00f5cc94"), 
    "_case" : ObjectId("56f04229f9581a111152a8c9"), 
    "creator" : ObjectId("56aa66be44aeb7c61ba42f4d"), 
    "status" : "open", 
    "id" : "570e7bad2c76030e00f5cc93", 
    "date" : ISODate("2016-04-27T12:00:00.000+0000"), 
    "__v" : NumberInt(0)
}
{ 
    "_id" : ObjectId("570e7ed72c76030e00f5cc96"), 
    "_case" : ObjectId("56f0423ff9581a111152aaca"), 
    "creator" : ObjectId("56aa66be44aeb7c61ba42f4d"), 
    "status" : "open", 
    "id" : "570e7ed72c76030e00f5cc95", 
    "date" : ISODate("2016-04-16T12:00:00.000+0000"), 
    "__v" : NumberInt(0)
}
{ 
    "_id" : ObjectId("570e8d892c76030e00f5cca2"), 
    "_case" : ObjectId("56f042a2f9581a111152b3e8"), 
    "creator" : ObjectId("56aa66be44aeb7c61ba42f4d"), 
    "status" : "open", 
    "id" : "570e8d892c76030e00f5cca1", 
    "date" : ISODate("2016-04-16T12:00:00.000+0000"), 
    "__v" : NumberInt(0)
}
{ 
    "_id" : ObjectId("570e8fa92c76030e00f5cca4"), 
    "_case" : ObjectId("56f0423df9581a111152aaab"), 
    "creator" : ObjectId("56aa66be44aeb7c61ba42f4d"), 
    "status" : "open", 
    "id" : "570e8fa92c76030e00f5cca3", 
    "date" : ISODate("2016-04-27T12:00:00.000+0000"), 
    "__v" : NumberInt(0)
}
{ 
    "_id" : ObjectId("570eb9472c76030e00f5ccb5"), 
    "_case" : ObjectId("56f042a2f9581a111152b3e8"), 
    "creator" : ObjectId("56aa66be44aeb7c61ba42f4d"), 
    "status" : "open", 
    "id" : "570eb9472c76030e00f5ccb4", 
    "date" : ISODate("2016-04-27T12:00:00.000+0000"), 
    "__v" : NumberInt(0)
}
{ 
    "_id" : ObjectId("570ebcef2c76030e00f5ccb8"), 
    "_case" : ObjectId("56f04288f9581a111152b18f"), 
    "creator" : ObjectId("56aa66be44aeb7c61ba42f4d"), 
    "status" : "open", 
    "id" : "570ebcef2c76030e00f5ccb7", 
    "date" : ISODate("2016-04-16T12:00:00.000+0000"), 
    "__v" : NumberInt(0)
}
{ 
    "_id" : ObjectId("570ec0c52c76030e00f5ccba"), 
    "_case" : ObjectId("56f0428cf9581a111152b1e2"), 
    "creator" : ObjectId("56aa66be44aeb7c61ba42f4d"), 
    "status" : "open", 
    "id" : "570ec0c52c76030e00f5ccb9", 
    "date" : ISODate("2016-04-18T12:00:00.000+0000"), 
    "__v" : NumberInt(0)
}
{ 
    "_id" : ObjectId("570ecc852c76030e00f5ccbd"), 
    "_case" : ObjectId("56f041baf9581a1111529e75"), 
    "creator" : ObjectId("56aa66be44aeb7c61ba42f4d"), 
    "status" : "open", 
    "id" : "570ecc852c76030e00f5ccbc", 
    "date" : ISODate("2016-05-10T12:00:00.000+0000"), 
    "__v" : NumberInt(0)
}
{ 
    "_id" : ObjectId("570ecde52c76030e00f5ccbf"), 
    "_case" : ObjectId("56f0428cf9581a111152b1e0"), 
    "creator" : ObjectId("56aa66be44aeb7c61ba42f4d"), 
    "status" : "open", 
    "id" : "570ecde52c76030e00f5ccbe", 
    "date" : ISODate("2016-05-10T12:00:00.000+0000"), 
    "__v" : NumberInt(0)
}
{ 
    "_id" : ObjectId("570ed0622c76030e00f5ccc1"), 
    "_case" : ObjectId("56f04273f9581a111152af9b"), 
    "creator" : ObjectId("56aa66be44aeb7c61ba42f4d"), 
    "status" : "open", 
    "id" : "570ed0622c76030e00f5ccc0", 
    "date" : ISODate("2016-06-02T12:00:00.000+0000"), 
    "__v" : NumberInt(0)
}
{ 
    "_id" : ObjectId("570fcf525c23ab0e00528f94"), 
    "_case" : ObjectId("56f04285f9581a111152b148"), 
    "creator" : ObjectId("56aa66be44aeb7c61ba42f4d"), 
    "status" : "open", 
    "id" : "570fcf525c23ab0e00528f93", 
    "date" : ISODate("2016-04-18T12:00:00.000+0000"), 
    "__v" : NumberInt(0)
}
{ 
    "_id" : ObjectId("570fda155c23ab0e00528f99"), 
    "_case" : ObjectId("56f0427ef9581a111152b08d"), 
    "creator" : ObjectId("56aa66be44aeb7c61ba42f4d"), 
    "status" : "open", 
    "id" : "570fda155c23ab0e00528f98", 
    "date" : ISODate("2016-04-18T12:00:00.000+0000"), 
    "__v" : NumberInt(0)
}
{ 
    "_id" : ObjectId("570fdb195c23ab0e00528f9b"), 
    "_case" : ObjectId("56f042a0f9581a111152b3b7"), 
    "creator" : ObjectId("56aa66be44aeb7c61ba42f4d"), 
    "status" : "open", 
    "id" : "570fdb195c23ab0e00528f9a", 
    "date" : ISODate("2016-04-18T12:00:00.000+0000"), 
    "__v" : NumberInt(0)
}
{ 
    "_id" : ObjectId("570fdf725c23ab0e00528fa2"), 
    "_case" : ObjectId("56f04185f9581a1111529982"), 
    "creator" : ObjectId("56aa66be44aeb7c61ba42f4d"), 
    "status" : "open", 
    "id" : "570fdf725c23ab0e00528fa1", 
    "date" : ISODate("2016-04-28T12:00:00.000+0000"), 
    "__v" : NumberInt(0)
}
{ 
    "_id" : ObjectId("570fe1fd5c23ab0e00528fa6"), 
    "_case" : ObjectId("570e7fe02c76030e00f5cc97"), 
    "creator" : ObjectId("56aa66be44aeb7c61ba42f4d"), 
    "status" : "open", 
    "id" : "570fe1fd5c23ab0e00528fa5", 
    "date" : ISODate("2016-04-16T12:00:00.000+0000"), 
    "__v" : NumberInt(0)
}
{ 
    "_id" : ObjectId("570fe6c95c23ab0e00528fa8"), 
    "_case" : ObjectId("56f042a2f9581a111152b3ee"), 
    "creator" : ObjectId("56aa66be44aeb7c61ba42f4d"), 
    "status" : "open", 
    "id" : "570fe6c95c23ab0e00528fa7", 
    "date" : ISODate("2016-04-21T12:00:00.000+0000"), 
    "__v" : NumberInt(0)
}
{ 
    "_id" : ObjectId("570fe8445c23ab0e00528fad"), 
    "_case" : ObjectId("56f042a2f9581a111152b3ea"), 
    "creator" : ObjectId("56aa66be44aeb7c61ba42f4d"), 
    "status" : "open", 
    "id" : "570fe8445c23ab0e00528fac", 
    "date" : ISODate("2016-04-28T12:00:00.000+0000"), 
    "__v" : NumberInt(0)
}
{ 
    "_id" : ObjectId("570fed585c23ab0e00528fb8"), 
    "_case" : ObjectId("570572a35990b20e004e0fdd"), 
    "creator" : ObjectId("56aa66be44aeb7c61ba42f4d"), 
    "status" : "open", 
    "id" : "570fed585c23ab0e00528fb7", 
    "date" : ISODate("2016-04-22T12:00:00.000+0000"), 
    "__v" : NumberInt(0)
}
{ 
    "_id" : ObjectId("570ff10b5c23ab0e00528fba"), 
    "_case" : ObjectId("56f99521a3ae7e290003e2ec"), 
    "creator" : ObjectId("56aa66be44aeb7c61ba42f4d"), 
    "status" : "open", 
    "id" : "570ff10b5c23ab0e00528fb9", 
    "date" : ISODate("2016-05-12T12:00:00.000+0000"), 
    "__v" : NumberInt(0)
}
{ 
    "_id" : ObjectId("571000895c23ab0e00528fc0"), 
    "_case" : ObjectId("56f0429df9581a111152b369"), 
    "creator" : ObjectId("56aa66be44aeb7c61ba42f4d"), 
    "status" : "open", 
    "id" : "571000895c23ab0e00528fbf", 
    "date" : ISODate("2016-04-21T12:00:00.000+0000"), 
    "__v" : NumberInt(0)
}
{ 
    "_id" : ObjectId("571003415c23ab0e00528fc2"), 
    "_case" : ObjectId("56f04274f9581a111152afb6"), 
    "creator" : ObjectId("56aa66be44aeb7c61ba42f4d"), 
    "status" : "open", 
    "id" : "571003415c23ab0e00528fc1", 
    "date" : ISODate("2016-04-18T12:00:00.000+0000"), 
    "__v" : NumberInt(0)
}
{ 
    "_id" : ObjectId("571004115c23ab0e00528fc5"), 
    "_case" : ObjectId("56f042a0f9581a111152b3b6"), 
    "creator" : ObjectId("56aa66be44aeb7c61ba42f4d"), 
    "status" : "open", 
    "id" : "571004115c23ab0e00528fc4", 
    "date" : ISODate("2016-05-12T12:00:00.000+0000"), 
    "__v" : NumberInt(0)
}
{ 
    "_id" : ObjectId("5710069c5c23ab0e00528fca"), 
    "_case" : ObjectId("56f0427af9581a111152b03f"), 
    "creator" : ObjectId("56aa66be44aeb7c61ba42f4d"), 
    "status" : "open", 
    "id" : "5710069c5c23ab0e00528fc9", 
    "date" : ISODate("2016-04-18T12:00:00.000+0000"), 
    "__v" : NumberInt(0)
}
{ 
    "_id" : ObjectId("57100a085c23ab0e00528fcd"), 
    "_case" : ObjectId("56f04296f9581a111152b2d3"), 
    "creator" : ObjectId("56aa66be44aeb7c61ba42f4d"), 
    "status" : "open", 
    "id" : "57100a085c23ab0e00528fcc", 
    "date" : ISODate("2016-05-12T12:00:00.000+0000"), 
    "__v" : NumberInt(0)
}
{ 
    "_id" : ObjectId("571015e95c23ab0e00528fd7"), 
    "_case" : ObjectId("56f04298f9581a111152b304"), 
    "creator" : ObjectId("56aa66be44aeb7c61ba42f4d"), 
    "status" : "open", 
    "id" : "571015e95c23ab0e00528fd6", 
    "date" : ISODate("2016-04-28T12:00:00.000+0000"), 
    "__v" : NumberInt(0)
}
{ 
    "_id" : ObjectId("571017955c23ab0e00528fd9"), 
    "_case" : ObjectId("56f042a6f9581a111152b442"), 
    "creator" : ObjectId("56aa66be44aeb7c61ba42f4d"), 
    "status" : "open", 
    "id" : "571017955c23ab0e00528fd8", 
    "date" : ISODate("2016-04-21T12:00:00.000+0000"), 
    "__v" : NumberInt(0)
}
{ 
    "_id" : ObjectId("57101a425c23ab0e00528fdb"), 
    "_case" : ObjectId("56f042a6f9581a111152b443"), 
    "creator" : ObjectId("56aa66be44aeb7c61ba42f4d"), 
    "status" : "open", 
    "id" : "57101a425c23ab0e00528fda", 
    "date" : ISODate("2016-04-21T12:00:00.000+0000"), 
    "__v" : NumberInt(0)
}
{ 
    "_id" : ObjectId("57101cf65c23ab0e00528fe2"), 
    "_case" : ObjectId("56f042a5f9581a111152b423"), 
    "creator" : ObjectId("56aa66be44aeb7c61ba42f4d"), 
    "status" : "open", 
    "id" : "57101cf65c23ab0e00528fe1", 
    "date" : ISODate("2016-04-18T12:00:00.000+0000"), 
    "__v" : NumberInt(0)
}
{ 
    "_id" : ObjectId("57111ea5b938ab0e00ff31e1"), 
    "_case" : ObjectId("56f04274f9581a111152afb6"), 
    "creator" : ObjectId("56aa66be44aeb7c61ba42f4d"), 
    "status" : "open", 
    "id" : "57111ea5b938ab0e00ff31e0", 
    "date" : ISODate("2016-04-18T12:00:00.000+0000"), 
    "__v" : NumberInt(0)
}
{ 
    "_id" : ObjectId("5711206eb938ab0e00ff31e4"), 
    "_case" : ObjectId("56f04248f9581a111152ab9d"), 
    "creator" : ObjectId("56aa66be44aeb7c61ba42f4d"), 
    "status" : "open", 
    "id" : "5711206eb938ab0e00ff31e3", 
    "date" : ISODate("2016-05-12T12:00:00.000+0000"), 
    "__v" : NumberInt(0)
}
{ 
    "_id" : ObjectId("57112105b938ab0e00ff31e7"), 
    "_case" : ObjectId("56f0424df9581a111152ac16"), 
    "creator" : ObjectId("56aa66be44aeb7c61ba42f4d"), 
    "status" : "open", 
    "id" : "57112105b938ab0e00ff31e6", 
    "date" : ISODate("2016-05-12T12:00:00.000+0000"), 
    "__v" : NumberInt(0)
}
{ 
    "_id" : ObjectId("571121d7b938ab0e00ff31ea"), 
    "_case" : ObjectId("56f041d1f9581a111152a091"), 
    "creator" : ObjectId("56aa66be44aeb7c61ba42f4d"), 
    "status" : "open", 
    "id" : "571121d7b938ab0e00ff31e9", 
    "date" : ISODate("2016-05-06T12:00:00.000+0000"), 
    "__v" : NumberInt(0)
}
{ 
    "_id" : ObjectId("571122afb938ab0e00ff31ec"), 
    "_case" : ObjectId("56f042a8f9581a111152b472"), 
    "creator" : ObjectId("56aa66be44aeb7c61ba42f4d"), 
    "status" : "open", 
    "id" : "571122afb938ab0e00ff31eb", 
    "date" : ISODate("2016-05-10T12:00:00.000+0000"), 
    "__v" : NumberInt(0)
}
{ 
    "_id" : ObjectId("57112cf7b938ab0e00ff31ee"), 
    "_case" : ObjectId("56f04274f9581a111152afb6"), 
    "creator" : ObjectId("56aa66be44aeb7c61ba42f4d"), 
    "status" : "open", 
    "id" : "57112cf7b938ab0e00ff31ed", 
    "date" : ISODate("2016-04-18T12:00:00.000+0000"), 
    "__v" : NumberInt(0)
}
{ 
    "_id" : ObjectId("57112f02b938ab0e00ff31f0"), 
    "_case" : ObjectId("56f042a5f9581a111152b432"), 
    "creator" : ObjectId("56aa66be44aeb7c61ba42f4d"), 
    "status" : "open", 
    "id" : "57112f02b938ab0e00ff31ef", 
    "date" : ISODate("2016-04-29T12:00:00.000+0000"), 
    "__v" : NumberInt(0)
}
{ 
    "_id" : ObjectId("57113305b938ab0e00ff31f2"), 
    "_case" : ObjectId("56f9aae4a3ae7e290003e2f0"), 
    "creator" : ObjectId("56aa66be44aeb7c61ba42f4d"), 
    "status" : "open", 
    "id" : "57113305b938ab0e00ff31f1", 
    "date" : ISODate("2016-05-27T12:00:00.000+0000"), 
    "__v" : NumberInt(0)
}
{ 
    "_id" : ObjectId("5711349eb938ab0e00ff31f4"), 
    "_case" : ObjectId("56f0425cf9581a111152ad73"), 
    "creator" : ObjectId("56aa66be44aeb7c61ba42f4d"), 
    "status" : "open", 
    "id" : "5711349eb938ab0e00ff31f3", 
    "date" : ISODate("2016-04-22T12:00:00.000+0000"), 
    "__v" : NumberInt(0)
}
{ 
    "_id" : ObjectId("571136c7b938ab0e00ff31f6"), 
    "_case" : ObjectId("56f04282f9581a111152b0f5"), 
    "creator" : ObjectId("56aa66be44aeb7c61ba42f4d"), 
    "status" : "open", 
    "id" : "571136c7b938ab0e00ff31f5", 
    "date" : ISODate("2016-05-12T12:00:00.000+0000"), 
    "__v" : NumberInt(0)
}
{ 
    "_id" : ObjectId("57114a56b938ab0e00ff31f8"), 
    "_case" : ObjectId("56f0428bf9581a111152b1c5"), 
    "creator" : ObjectId("56aa66be44aeb7c61ba42f4d"), 
    "status" : "open", 
    "id" : "57114a56b938ab0e00ff31f7", 
    "date" : ISODate("2016-04-22T12:00:00.000+0000"), 
    "__v" : NumberInt(0)
}
{ 
    "_id" : ObjectId("571154a5b938ab0e00ff31fa"), 
    "_case" : ObjectId("56f04281f9581a111152b0e4"), 
    "creator" : ObjectId("56aa66be44aeb7c61ba42f4d"), 
    "status" : "open", 
    "id" : "571154a5b938ab0e00ff31f9", 
    "date" : ISODate("2016-05-09T12:00:00.000+0000"), 
    "__v" : NumberInt(0)
}
{ 
    "_id" : ObjectId("571157aab938ab0e00ff31fc"), 
    "_case" : ObjectId("56f0426ef9581a111152af2c"), 
    "creator" : ObjectId("56aa66be44aeb7c61ba42f4d"), 
    "status" : "open", 
    "id" : "571157aab938ab0e00ff31fb", 
    "date" : ISODate("2016-06-22T12:00:00.000+0000"), 
    "__v" : NumberInt(0)
}
{ 
    "_id" : ObjectId("57115905b938ab0e00ff31fe"), 
    "_case" : ObjectId("56f04252f9581a111152ac9a"), 
    "creator" : ObjectId("56aa66be44aeb7c61ba42f4d"), 
    "status" : "open", 
    "id" : "57115905b938ab0e00ff31fd", 
    "date" : ISODate("2016-04-19T12:00:00.000+0000"), 
    "__v" : NumberInt(0)
}
{ 
    "_id" : ObjectId("57115a84b938ab0e00ff3200"), 
    "_case" : ObjectId("56f0429ef9581a111152b385"), 
    "creator" : ObjectId("56aa66be44aeb7c61ba42f4d"), 
    "status" : "open", 
    "id" : "57115a84b938ab0e00ff31ff", 
    "date" : ISODate("2016-05-04T12:00:00.000+0000"), 
    "__v" : NumberInt(0)
}
{ 
    "_id" : ObjectId("57115f66b938ab0e00ff3202"), 
    "_case" : ObjectId("56f04286f9581a111152b14b"), 
    "creator" : ObjectId("56aa66be44aeb7c61ba42f4d"), 
    "status" : "open", 
    "id" : "57115f66b938ab0e00ff3201", 
    "date" : ISODate("2016-04-19T12:00:00.000+0000"), 
    "__v" : NumberInt(0)
}
{ 
    "_id" : ObjectId("5711622eb938ab0e00ff3204"), 
    "_case" : ObjectId("56f042a0f9581a111152b3bd"), 
    "creator" : ObjectId("56aa66be44aeb7c61ba42f4d"), 
    "status" : "open", 
    "id" : "5711622eb938ab0e00ff3203", 
    "date" : ISODate("2016-04-29T12:00:00.000+0000"), 
    "__v" : NumberInt(0)
}
{ 
    "_id" : ObjectId("571162d3b938ab0e00ff3206"), 
    "_case" : ObjectId("56f04285f9581a111152b148"), 
    "creator" : ObjectId("56aa66be44aeb7c61ba42f4d"), 
    "status" : "open", 
    "id" : "571162d3b938ab0e00ff3205", 
    "date" : ISODate("2016-05-16T12:00:00.000+0000"), 
    "__v" : NumberInt(0)
}
{ 
    "_id" : ObjectId("5711643cb938ab0e00ff3208"), 
    "_case" : ObjectId("56f042a4f9581a111152b41e"), 
    "creator" : ObjectId("56aa66be44aeb7c61ba42f4d"), 
    "status" : "open", 
    "id" : "5711643cb938ab0e00ff3207", 
    "date" : ISODate("2016-04-20T12:00:00.000+0000"), 
    "__v" : NumberInt(0)
}
{ 
    "_id" : ObjectId("57116715b938ab0e00ff320b"), 
    "_case" : ObjectId("56f0426df9581a111152af15"), 
    "creator" : ObjectId("56aa66be44aeb7c61ba42f4d"), 
    "status" : "open", 
    "id" : "57116715b938ab0e00ff320a", 
    "date" : ISODate("2016-05-13T12:00:00.000+0000"), 
    "__v" : NumberInt(0)
}
{ 
    "_id" : ObjectId("57116862b938ab0e00ff320d"), 
    "_case" : ObjectId("56f04288f9581a111152b18f"), 
    "creator" : ObjectId("56aa66be44aeb7c61ba42f4d"), 
    "status" : "open", 
    "id" : "57116862b938ab0e00ff320c", 
    "date" : ISODate("2016-04-29T12:00:00.000+0000"), 
    "__v" : NumberInt(0)
}
{ 
    "_id" : ObjectId("57116a9fb938ab0e00ff3211"), 
    "_case" : ObjectId("56f042a2f9581a111152b3e7"), 
    "creator" : ObjectId("56aa66be44aeb7c61ba42f4d"), 
    "status" : "open", 
    "id" : "57116a9fb938ab0e00ff3210", 
    "date" : ISODate("2016-04-29T12:00:00.000+0000"), 
    "__v" : NumberInt(0)
}
{ 
    "_id" : ObjectId("57116ceab938ab0e00ff3213"), 
    "_case" : ObjectId("56fc1faa969d330e0020b353"), 
    "creator" : ObjectId("56aa66be44aeb7c61ba42f4d"), 
    "status" : "open", 
    "id" : "57116ceab938ab0e00ff3212", 
    "date" : ISODate("2016-05-10T12:00:00.000+0000"), 
    "__v" : NumberInt(0)
}
{ 
    "_id" : ObjectId("5711745fb938ab0e00ff3215"), 
    "_case" : ObjectId("56f042a4f9581a111152b417"), 
    "creator" : ObjectId("56aa66be44aeb7c61ba42f4d"), 
    "status" : "open", 
    "id" : "5711745fb938ab0e00ff3214", 
    "date" : ISODate("2016-04-29T12:00:00.000+0000"), 
    "__v" : NumberInt(0)
}
{ 
    "_id" : ObjectId("571174e4b938ab0e00ff3217"), 
    "_case" : ObjectId("56f04293f9581a111152b291"), 
    "creator" : ObjectId("56aa66be44aeb7c61ba42f4d"), 
    "status" : "open", 
    "id" : "571174e4b938ab0e00ff3216", 
    "date" : ISODate("2016-04-29T12:00:00.000+0000"), 
    "__v" : NumberInt(0)
}
{ 
    "_id" : ObjectId("5711757eb938ab0e00ff3219"), 
    "_case" : ObjectId("56f0424bf9581a111152abf9"), 
    "creator" : ObjectId("56aa66be44aeb7c61ba42f4d"), 
    "status" : "open", 
    "id" : "5711757eb938ab0e00ff3218", 
    "date" : ISODate("2016-05-23T12:00:00.000+0000"), 
    "__v" : NumberInt(0)
}
{ 
    "_id" : ObjectId("57117637b938ab0e00ff321b"), 
    "_case" : ObjectId("56f0427bf9581a111152b051"), 
    "creator" : ObjectId("56aa66be44aeb7c61ba42f4d"), 
    "status" : "open", 
    "id" : "57117637b938ab0e00ff321a", 
    "date" : ISODate("2016-05-26T12:00:00.000+0000"), 
    "__v" : NumberInt(0)
}
{ 
    "_id" : ObjectId("5711790ab938ab0e00ff321e"), 
    "_case" : ObjectId("56f04289f9581a111152b192"), 
    "creator" : ObjectId("56aa66be44aeb7c61ba42f4d"), 
    "status" : "open", 
    "id" : "5711790ab938ab0e00ff321d", 
    "date" : ISODate("2016-05-13T12:00:00.000+0000"), 
    "__v" : NumberInt(0)
}
