{ 
    "_id" : "m-CuC1tH7_xpJC4aBHEjdZp5BfVQWgQb", 
    "session" : "{\"cookie\":{\"originalMaxAge\":86399993,\"expires\":\"2016-04-17T00:07:09.617Z\",\"secure\":false,\"httpOnly\":true,\"path\":\"/\"},\"passport\":{\"user\":\"56aa66be44aeb7c61ba42f48\"}}", 
    "expires" : ISODate("2016-04-17T00:07:09.617+0000")
}
{ 
    "_id" : "RPGr6l9yI7QlMdgc8Snwsbp4Wpcr1j_d", 
    "session" : "{\"cookie\":{\"originalMaxAge\":86400000,\"expires\":\"2016-04-16T22:04:56.451Z\",\"secure\":false,\"httpOnly\":true,\"path\":\"/\"},\"passport\":{}}", 
    "expires" : ISODate("2016-04-16T22:04:56.451+0000")
}
{ 
    "_id" : "e7lYwS0aQTCEFAKpz2c1Cxqdk48OQ0En", 
    "session" : "{\"cookie\":{\"originalMaxAge\":86400000,\"expires\":\"2016-04-16T22:04:56.626Z\",\"secure\":false,\"httpOnly\":true,\"path\":\"/\"},\"passport\":{}}", 
    "expires" : ISODate("2016-04-16T22:04:56.626+0000")
}
{ 
    "_id" : "aE8cV7VIyN7KMQ2Y_hPLK5W3w-TBvacz", 
    "session" : "{\"cookie\":{\"originalMaxAge\":86400000,\"expires\":\"2016-04-17T17:02:35.553Z\",\"secure\":false,\"httpOnly\":true,\"path\":\"/\"},\"passport\":{}}", 
    "expires" : ISODate("2016-04-17T17:02:35.553+0000")
}
{ 
    "_id" : "mKnFMqF3GSDJpkRYlpdBIwwb99okvncD", 
    "session" : "{\"cookie\":{\"originalMaxAge\":86400000,\"expires\":\"2016-04-17T17:02:35.628Z\",\"secure\":false,\"httpOnly\":true,\"path\":\"/\"},\"passport\":{}}", 
    "expires" : ISODate("2016-04-17T17:02:35.628+0000")
}
{ 
    "_id" : "IpFp7NvoYBnHsLHEuTXjdiUXZxYaQDMB", 
    "session" : "{\"cookie\":{\"originalMaxAge\":86400000,\"expires\":\"2016-04-17T18:37:29.058Z\",\"secure\":false,\"httpOnly\":true,\"path\":\"/\"},\"passport\":{}}", 
    "expires" : ISODate("2016-04-17T18:37:29.058+0000")
}
{ 
    "_id" : "blwHCdnmuF3kHhX5Yeep9VCFq-TJFagQ", 
    "session" : "{\"cookie\":{\"originalMaxAge\":86400000,\"expires\":\"2016-04-16T23:31:48.205Z\",\"secure\":false,\"httpOnly\":true,\"path\":\"/\"},\"passport\":{\"user\":\"56aa66be44aeb7c61ba42f42\"}}", 
    "expires" : ISODate("2016-04-16T23:31:48.205+0000")
}
{ 
    "_id" : "mKxgqgiD-NR6tvygrSFVaElG4Depce1n", 
    "session" : "{\"cookie\":{\"originalMaxAge\":86399999,\"expires\":\"2016-04-16T23:28:10.841Z\",\"secure\":false,\"httpOnly\":true,\"path\":\"/\"},\"passport\":{\"user\":\"56aa66be44aeb7c61ba42f4d\"}}", 
    "expires" : ISODate("2016-04-16T23:28:10.841+0000")
}
{ 
    "_id" : "l8cbewhM-P--Avet5-xA5mKOyQyd8wKp", 
    "session" : "{\"cookie\":{\"originalMaxAge\":86400000,\"expires\":\"2016-04-16T22:38:20.388Z\",\"secure\":false,\"httpOnly\":true,\"path\":\"/\"},\"passport\":{}}", 
    "expires" : ISODate("2016-04-16T22:38:20.388+0000")
}
{ 
    "_id" : "A7PRysNqaf3izF6jhm1JJwRHiSH4p1-q", 
    "session" : "{\"cookie\":{\"originalMaxAge\":86400000,\"expires\":\"2016-04-17T18:22:29.193Z\",\"secure\":false,\"httpOnly\":true,\"path\":\"/\"},\"passport\":{\"user\":\"56aa66be44aeb7c61ba42f43\"}}", 
    "expires" : ISODate("2016-04-17T18:22:29.193+0000")
}
