{ 
    "_id" : ObjectId("56dc9af244ae0835f730b29c"), 
    "options" : {

    }, 
    "indexes" : [
        {
            "v" : NumberInt(1), 
            "key" : {
                "_id" : NumberInt(1)
            }, 
            "name" : "_id_", 
            "ns" : "heroku_0bpfsh1j.users"
        }, 
        {
            "v" : NumberInt(1), 
            "unique" : true, 
            "key" : {
                "email" : NumberInt(1)
            }, 
            "name" : "email_1", 
            "ns" : "heroku_0bpfsh1j.users", 
            "background" : true
        }, 
        {
            "v" : NumberInt(1), 
            "unique" : true, 
            "key" : {
                "username" : NumberInt(1)
            }, 
            "name" : "username_1", 
            "ns" : "heroku_0bpfsh1j.users", 
            "background" : true
        }
    ]
}
