{ 
    "_id" : ObjectId("56aa63bca971d57c2b28d0bf"), 
    "salt" : "TfYVke2HQbvIa57UNDfF2Q==", 
    "displayName" : "Barak BN", 
    "provider" : "local", 
    "username" : "admin", 
    "created" : ISODate("2016-01-28T18:53:48.580+0000"), 
    "roles" : [
        "admin"
    ], 
    "profileImageURL" : "modules/users/client/img/profile/default.png", 
    "emailPassword" : "barak1234", 
    "password" : "iQXBeedxkHTDObx7akpZxWH7wiCQrIipu40ZOsYyTbneH3/kcJFIqNJIav7+ncehgSVeANJc1TMbrLJMQHM6Tg==", 
    "email" : "barak@focusonintervention.com", 
    "lastName" : "BN", 
    "firstName" : "Barak", 
    "__v" : NumberInt(0), 
    "updated" : ISODate("2016-03-31T17:17:54.296+0000")
}
{ 
    "_id" : ObjectId("56aa66be44aeb7c61ba42f41"), 
    "salt" : "TfYVke2HQbvIa57UNDfF2Q==", 
    "displayName" : "DHB", 
    "provider" : "local", 
    "username" : "dhb", 
    "created" : ISODate("2016-01-28T18:53:48.580+0000"), 
    "roles" : [
        "user"
    ], 
    "profileImageURL" : "modules/users/client/img/profile/default.png", 
    "emailPassword" : "A1b2c3d4e5!", 
    "password" : "iQXBeedxkHTDObx7akpZxWH7wiCQrIipu40ZOsYyTbneH3/kcJFIqNJIav7+ncehgSVeANJc1TMbrLJMQHM6Tg==", 
    "email" : "DHB@focusonintervention.com", 
    "lastName" : "Last", 
    "firstName" : "DHB", 
    "__v" : NumberInt(0), 
    "c_id" : NumberInt(1)
}
{ 
    "_id" : ObjectId("56aa66be44aeb7c61ba42f44"), 
    "salt" : "TfYVke2HQbvIa57UNDfF2Q==", 
    "displayName" : "Esperanza", 
    "provider" : "local", 
    "username" : "esperanza", 
    "created" : ISODate("2016-01-28T18:53:48.580+0000"), 
    "roles" : [
        "user"
    ], 
    "profileImageURL" : "modules/users/client/img/profile/default.png", 
    "emailPassword" : "A1b2c3d4e5!", 
    "password" : "iQXBeedxkHTDObx7akpZxWH7wiCQrIipu40ZOsYyTbneH3/kcJFIqNJIav7+ncehgSVeANJc1TMbrLJMQHM6Tg==", 
    "email" : "user3@focusonintervention.com", 
    "lastName" : "Last", 
    "firstName" : "Esperanza", 
    "__v" : NumberInt(0), 
    "c_id" : NumberInt(4372)
}
{ 
    "_id" : ObjectId("56aa66be44aeb7c61ba42f45"), 
    "salt" : "C8aMC/VkOeZtL/CRXHkUIA==", 
    "displayName" : "Steve Gray", 
    "provider" : "local", 
    "username" : "steve", 
    "created" : ISODate("2016-01-28T18:53:48.580+0000"), 
    "roles" : [
        "user"
    ], 
    "profileImageURL" : "modules/users/client/img/profile/default.png", 
    "emailPassword" : "123steve", 
    "password" : "XgchmBByGj9jxiH2px3PpdeNZp/N3UFMu0yg5Vc1jLAbD6nQR5ArLYQJ+YTmo6DPwp5nQESY3ae2RyB65KZ0ag==", 
    "email" : "steve@focusonintervention.com", 
    "lastName" : "Gray", 
    "firstName" : "Steve", 
    "__v" : NumberInt(0), 
    "c_id" : NumberInt(6), 
    "updated" : ISODate("2016-04-06T16:30:12.330+0000")
}
{ 
    "_id" : ObjectId("56aa66be44aeb7c61ba42f46"), 
    "salt" : "TfYVke2HQbvIa57UNDfF2Q==", 
    "displayName" : "Carol Last", 
    "provider" : "local", 
    "username" : "carol", 
    "created" : ISODate("2016-01-28T18:53:48.580+0000"), 
    "roles" : [
        "user"
    ], 
    "profileImageURL" : "modules/users/client/img/profile/default.png", 
    "emailPassword" : "A1b2c3d4e5!", 
    "password" : "iQXBeedxkHTDObx7akpZxWH7wiCQrIipu40ZOsYyTbneH3/kcJFIqNJIav7+ncehgSVeANJc1TMbrLJMQHM6Tg==", 
    "email" : "user5@focusonintervention.com", 
    "lastName" : "Last", 
    "firstName" : "Carol", 
    "__v" : NumberInt(0), 
    "c_id" : NumberInt(7)
}
{ 
    "_id" : ObjectId("56aa66be44aeb7c61ba42f49"), 
    "salt" : "HZFRt1rlWbiy6MgHXhVb9Q==", 
    "displayName" : "Loryn York", 
    "provider" : "local", 
    "username" : "loryn", 
    "created" : ISODate("2016-01-28T18:53:48.580+0000"), 
    "roles" : [
        "admin"
    ], 
    "profileImageURL" : "modules/users/client/img/profile/default.png", 
    "emailPassword" : "loryn14535!", 
    "password" : "BaORE8etLzfOPZ9YCGH+bcdA4HBPg+Iqisw5C8kQE1ezkiB6Gyfo3aD9l5tmcdb/g7TPf/Wt8mL3t9S5gFrAnA==", 
    "email" : "loryn@focusonintervention.com", 
    "lastName" : "York", 
    "firstName" : "Loryn", 
    "__v" : NumberInt(1), 
    "c_id" : NumberInt(4376), 
    "updated" : ISODate("2016-04-07T12:35:50.258+0000")
}
{ 
    "_id" : ObjectId("56aa66be44aeb7c61ba42f4a"), 
    "salt" : "TfYVke2HQbvIa57UNDfF2Q==", 
    "displayName" : "Lisa", 
    "provider" : "local", 
    "username" : "lisa", 
    "created" : ISODate("2016-01-28T18:53:48.580+0000"), 
    "roles" : [
        "user"
    ], 
    "profileImageURL" : "modules/users/client/img/profile/default.png", 
    "emailPassword" : "A1b2c3d4e5!", 
    "password" : "iQXBeedxkHTDObx7akpZxWH7wiCQrIipu40ZOsYyTbneH3/kcJFIqNJIav7+ncehgSVeANJc1TMbrLJMQHM6Tg==", 
    "email" : "user48@focusonintervention.com", 
    "lastName" : "Last", 
    "firstName" : "Lisa", 
    "__v" : NumberInt(0), 
    "c_id" : NumberInt(4377)
}
{ 
    "_id" : ObjectId("56aa66be44aeb7c61ba42f4b"), 
    "salt" : "TfYVke2HQbvIa57UNDfF2Q==", 
    "displayName" : "Richy", 
    "provider" : "local", 
    "username" : "richy", 
    "created" : ISODate("2016-01-28T18:53:48.580+0000"), 
    "roles" : [
        "user"
    ], 
    "profileImageURL" : "modules/users/client/img/profile/default.png", 
    "emailPassword" : "A1b2c3d4e5!", 
    "password" : "iQXBeedxkHTDObx7akpZxWH7wiCQrIipu40ZOsYyTbneH3/kcJFIqNJIav7+ncehgSVeANJc1TMbrLJMQHM6Tg==", 
    "email" : "user71@focusonintervention.com", 
    "lastName" : "Last", 
    "firstName" : "Richy", 
    "__v" : NumberInt(0), 
    "c_id" : NumberInt(5067)
}
{ 
    "_id" : ObjectId("56aa66be44aeb7c61ba42f4c"), 
    "salt" : "TfYVke2HQbvIa57UNDfF2Q==", 
    "displayName" : "Maria", 
    "provider" : "local", 
    "username" : "Richy", 
    "created" : ISODate("2016-01-28T18:53:48.580+0000"), 
    "roles" : [
        "user"
    ], 
    "profileImageURL" : "modules/users/client/img/profile/default.png", 
    "emailPassword" : "A1b2c3d4e5!", 
    "password" : "iQXBeedxkHTDObx7akpZxWH7wiCQrIipu40ZOsYyTbneH3/kcJFIqNJIav7+ncehgSVeANJc1TMbrLJMQHM6Tg==", 
    "email" : "user734@focusonintervention.com", 
    "lastName" : "Last", 
    "firstName" : "Maria", 
    "__v" : NumberInt(0), 
    "c_id" : NumberInt(5067)
}
{ 
    "_id" : ObjectId("56aa66be44aeb7c61ba42f4e")
}
{ 
    "_id" : ObjectId("570653a2d16ce30e0070e074"), 
    "salt" : "j6l9V9xcoD3j7r4eFVUGBg==", 
    "displayName" : "Lindsay Allen", 
    "provider" : "local", 
    "username" : "lindsay", 
    "created" : ISODate("2016-04-07T12:33:38.269+0000"), 
    "roles" : [
        "user"
    ], 
    "profileImageURL" : "modules/users/client/img/profile/default.png", 
    "emailPassword" : "123lindsay", 
    "password" : "BDTMtchwgLXbkIPsRuwNk3y1nO592wIx4eLUIYndsSMG+WiXjOl/Tf8sAURA2wUJ1YlzthbSz6WNaDIoRNKDUQ==", 
    "email" : "lindsay@focusonintervention.com", 
    "lastName" : "Allen", 
    "firstName" : "Lindsay", 
    "__v" : NumberInt(0)
}
{ 
    "_id" : ObjectId("56aa66be44aeb7c61ba42f4d"), 
    "salt" : "7nKOlL44eEHH0ZwyU2IUuQ==", 
    "displayName" : "Paul Howland", 
    "provider" : "local", 
    "username" : "paul", 
    "created" : ISODate("2016-01-28T18:53:48.580+0000"), 
    "roles" : [
        "admin"
    ], 
    "profileImageURL" : "modules/users/client/img/profile/default.png", 
    "emailPassword" : "123phowland", 
    "password" : "hLhUmOjg8VJbJLbh77XR1AsyauGXq6RgZTFveYeJRz2U2SqTVm/AGHp2P/e61cN/+yfLfWQD52Usb8HGIHe3yA==", 
    "email" : "phowland@focusonintervention.com", 
    "lastName" : "Howland", 
    "firstName" : "Paul", 
    "__v" : NumberInt(1), 
    "c_id" : NumberInt(6148), 
    "updated" : ISODate("2016-04-12T16:15:20.259+0000"), 
    "signature" : "<p>Paul Howland</p><p>Medical Status</p><p>Ph 760-632-0237 fax 888-503-3910</p>"
}
{ 
    "_id" : ObjectId("56f2f7677e4b2e0e008a9dbe"), 
    "salt" : "cyqZkqoWDOx0VwFoSOiCmA==", 
    "displayName" : "Leah Oviedo", 
    "provider" : "local", 
    "username" : "leah", 
    "created" : ISODate("2016-03-23T20:07:03.322+0000"), 
    "roles" : [
        "admin"
    ], 
    "profileImageURL" : "modules/users/client/img/profile/default.png", 
    "emailPassword" : "lea123", 
    "password" : "z0tZT4xVPmK7xRZBANqauuNbpd2DoOeKArqe2mI41jJuJgCz+/oVsSC2egFpBygJX8XOBr0f8/uKLPhMfTRaqg==", 
    "email" : "lea@focusonintervention.com", 
    "lastName" : "Oviedo", 
    "firstName" : "Leah", 
    "__v" : NumberInt(1)
}
{ 
    "_id" : ObjectId("56aa66be44aeb7c61ba42f43"), 
    "salt" : "RQjN5AXN17Q1uCGbxwJ9mw==", 
    "displayName" : "Susan Hendrickson", 
    "provider" : "local", 
    "username" : "susan", 
    "created" : ISODate("2016-01-28T18:53:48.580+0000"), 
    "roles" : [
        "admin"
    ], 
    "profileImageURL" : "modules/users/client/img/profile/default.png", 
    "emailPassword" : "123susan", 
    "password" : "ppyibprrkUsDB9So8dO3npyqz5bb83YekLOz6GXwncMRpuVv32VIdOxRCh6mkjKJ7YF8I4rIwws/dxq7l6ksaw==", 
    "email" : "susan@focusonintervention.com", 
    "lastName" : "Hendrickson", 
    "firstName" : "Susan", 
    "__v" : NumberInt(1), 
    "c_id" : NumberInt(3), 
    "updated" : ISODate("2016-04-06T21:38:38.765+0000")
}
{ 
    "_id" : ObjectId("56aa66be44aeb7c61ba42f48"), 
    "salt" : "3b6hrSY3/yMxkSDGM3UWTA==", 
    "displayName" : "Maria Aragon", 
    "provider" : "local", 
    "username" : "maria", 
    "created" : ISODate("2016-01-28T18:53:48.580+0000"), 
    "roles" : [
        "admin"
    ], 
    "profileImageURL" : "modules/users/client/img/profile/default.png", 
    "emailPassword" : "123maria", 
    "password" : "ASJpuMozv/WNSB0oq1g5d80/W2dLvZ856/SfIvGeTrEtIGlXk7VJZlT6Z4PsOMGAaDy6AxRNeCpYiZAhpqGIQg==", 
    "email" : "maria@focusonintervention.com", 
    "lastName" : "Aragon", 
    "firstName" : "Maria", 
    "__v" : NumberInt(1), 
    "c_id" : NumberInt(4374), 
    "updated" : ISODate("2016-04-12T18:32:22.747+0000"), 
    "signature" : "<p>Maria Aragon</p><p>Return to Work Coordinator</p><p>Ph 760-632-0237 Fax  888-503-3910</p><p>maria@focusonintervention.com</p><p><br/></p>"
}
{ 
    "_id" : ObjectId("56aa66be44aeb7c61ba42f42"), 
    "salt" : "MGxU4O49WWzghGg6okkvzg==", 
    "displayName" : "Michelle Gray", 
    "provider" : "local", 
    "username" : "michelle", 
    "created" : ISODate("2016-01-28T18:53:48.580+0000"), 
    "roles" : [
        "admin"
    ], 
    "profileImageURL" : "./modules/users/client/img/profile/uploads/928d939023984a69d0a75985f0e6decb", 
    "emailPassword" : "123michelle", 
    "password" : "t+2dR5+AGIVRLg7zLynZFVcljUU7G23rfqb9GZ/6zO5mPg3w/v7lbVzFidhDUkNIPDBVKjMbLL1XZ/0o/yxDOA==", 
    "email" : "michelle@focusonintervention.com", 
    "lastName" : "Gray", 
    "firstName" : "Michelle", 
    "__v" : NumberInt(0), 
    "c_id" : NumberInt(2), 
    "updated" : ISODate("2016-04-15T17:12:23.602+0000"), 
    "resetPasswordExpires" : ISODate("2016-03-18T20:07:22.122+0000"), 
    "resetPasswordToken" : "d0dc64028f3d21a9a843cddba98cc9f43dc3dfa8", 
    "signature" : "<p><span class=\"s1\"><b><font color=\"#f6911e\">Michelle Gray</font></b></span><span class=\"s2\">, M.S.,C.R.C., A.O.E.S.   Senior Partner<br/></span><b>FOCUS ON INTERVENTION            </b>Phone: (888)-616-9675 or (760)-632-0237 Fax: (760) 632-8037</p><p><br/></p><p><br/></p><p><br/></p><p></p>"
}
{ 
    "_id" : ObjectId("56aa66be44aeb7c61ba42f47"), 
    "salt" : "u1EBYhzEfvgdpdWdGuuRFA==", 
    "displayName" : "Janet Collins", 
    "provider" : "local", 
    "username" : "janet", 
    "created" : ISODate("2016-01-28T18:53:48.580+0000"), 
    "roles" : [
        "admin"
    ], 
    "profileImageURL" : "modules/users/client/img/profile/default.png", 
    "emailPassword" : "123janet", 
    "password" : "Yh7NmxgrzAErwMnu8mQ5p3fB15MhHCHLhn9oMr19liTrWVdxS0tn4MIVr2/fWAavlErVh1LPRV3F6Drswf0gWQ==", 
    "email" : "janet@focusonintervention.com", 
    "lastName" : "Collins", 
    "firstName" : "Janet", 
    "__v" : NumberInt(1), 
    "c_id" : NumberInt(4373), 
    "updated" : ISODate("2016-04-14T01:58:47.891+0000"), 
    "signature" : "<p><font color=\"#808080\"></font></p><p class=\"p1\"><span class=\"s2\"><b>Janet Collins</b> <br/></span>Return to Work Coordinator<br/><b>FOCUS ON INTERVENTION<br/></b><span class=\"s2\">Phone: (760)-632-0237 </span>Fax  (760) 632-8037<br/>janet@focusonintervention.com</p>"
}
